,Team,Points,Wins,Draws,Looses,HomeWins,HomeDraws,HomeLooses,AwayWins,AwayDraws,AwayLooses,Goals,GoalsAgainst,HomeGoals,AwayGoals,HomeGoalsAgainst,AwayGoalsAgainst,Position,Shoots,ShootsAgainst,HomeShoots,AwayShoots,HomeShootsAgainst,AwayShootsAgainst,ShootsOnTarget,ShootsAgainstOnTarget,HomeShootsOnTarget,AwayShootsOnTarget,HomeShootsAgainstOnTarget,AwayShootsAgainstOnTarget,ShootsHitWoodwork,ShootsAgainstHitWoodwork,HomeShootsHitWoodwork,AwayShootsHitWoodwork,HomeShootsAgainstHitWoodwork,AwayShootsAgainstHitWoodwork,Corners,CornersAgainst,HomeCorners,AwayCorners,HomeCornersAgainst,AwayCornersAgainst,Fouls,FoulsReceived,HomeFouls,AwayFouls,HomeFoulsReceived,AwayFoulsReceived,Offsides,OffsidesAgainst,HomeOffsides,AwayOffsides,HomeOffsidesAgainst,AwayOffsidesAgainst,YellowCards,YellowCardsAgainst,HomeYellowCards,AwayYellowCards,HomeYellowCardsAgainst,AwayYellowCardsAgainst,RedCards,RedCardsAgainst,HomeRedCards,AwayRedCards,HomeRedCardsAgainst,AwayRedCardsAgainst
15,Real Madrid,3.0,1.0,0.0,0.0,0.0,0.0,0.0,1.0,0.0,0.0,3.0,0.0,0.0,3.0,0.0,0.0,0.0,16.0,12.0,0.0,16.0,0.0,12.0,0.0,6.0,0.0,8.0,0.0,6.0,0.0,0.0,0.0,0.0,0.0,0.0,4.0,4.0,0.0,4.0,0.0,4.0,12.0,16.0,0.0,12.0,0.0,16.0,0.0,0.0,0.0,0.0,0.0,0.0,0.0,0.0,0.0,0.0,0.0,0.0,0.0,0.0,0.0,0.0,0.0,0.0
3,Barcelona,3.0,1.0,0.0,0.0,1.0,0.0,0.0,0.0,0.0,0.0,2.0,0.0,2.0,0.0,0.0,0.0,0.0,15.0,3.0,15.0,0.0,3.0,0.0,2.0,0.0,2.0,0.0,0.0,0.0,0.0,0.0,0.0,0.0,0.0,0.0,8.0,0.0,8.0,0.0,0.0,0.0,16.0,15.0,16.0,0.0,15.0,0.0,0.0,0.0,0.0,0.0,0.0,0.0,0.0,0.0,0.0,0.0,0.0,0.0,0.0,0.0,0.0,0.0,0.0,0.0
18,Valencia,3.0,1.0,0.0,0.0,1.0,0.0,0.0,0.0,0.0,0.0,1.0,0.0,1.0,0.0,0.0,0.0,0.0,22.0,5.0,22.0,0.0,5.0,0.0,6.0,4.0,6.0,0.0,4.0,0.0,0.0,0.0,0.0,0.0,0.0,0.0,5.0,2.0,5.0,0.0,2.0,0.0,25.0,13.0,25.0,0.0,13.0,0.0,0.0,0.0,0.0,0.0,0.0,0.0,0.0,0.0,0.0,0.0,0.0,0.0,0.0,0.0,0.0,0.0,0.0,0.0
17,Sociedad,3.0,1.0,0.0,0.0,0.0,0.0,0.0,1.0,0.0,0.0,3.0,2.0,0.0,3.0,0.0,2.0,0.0,13.0,16.0,0.0,13.0,0.0,16.0,0.0,5.0,0.0,6.0,0.0,5.0,0.0,0.0,0.0,0.0,0.0,0.0,4.0,5.0,0.0,4.0,0.0,5.0,11.0,12.0,0.0,11.0,0.0,12.0,0.0,0.0,0.0,0.0,0.0,0.0,0.0,0.0,0.0,0.0,0.0,0.0,0.0,0.0,0.0,0.0,0.0,0.0
6,Eibar,3.0,1.0,0.0,0.0,0.0,0.0,0.0,1.0,0.0,0.0,1.0,0.0,0.0,1.0,0.0,0.0,0.0,13.0,10.0,0.0,13.0,0.0,10.0,0.0,4.0,0.0,6.0,0.0,4.0,0.0,0.0,0.0,0.0,0.0,0.0,7.0,3.0,0.0,7.0,0.0,3.0,15.0,16.0,0.0,15.0,0.0,16.0,0.0,0.0,0.0,0.0,0.0,0.0,0.0,0.0,0.0,0.0,0.0,0.0,0.0,0.0,0.0,0.0,0.0,0.0
12,Leganes,3.0,1.0,0.0,0.0,1.0,0.0,0.0,0.0,0.0,0.0,1.0,0.0,1.0,0.0,0.0,0.0,0.0,16.0,6.0,16.0,0.0,6.0,0.0,9.0,3.0,9.0,0.0,3.0,0.0,0.0,0.0,0.0,0.0,0.0,0.0,4.0,2.0,4.0,0.0,2.0,0.0,14.0,18.0,14.0,0.0,18.0,0.0,0.0,0.0,0.0,0.0,0.0,0.0,0.0,0.0,0.0,0.0,0.0,0.0,0.0,0.0,0.0,0.0,0.0,0.0
13,Levante,3.0,1.0,0.0,0.0,1.0,0.0,0.0,0.0,0.0,0.0,1.0,0.0,1.0,0.0,0.0,0.0,0.0,14.0,9.0,14.0,0.0,9.0,0.0,3.0,1.0,3.0,0.0,1.0,0.0,0.0,0.0,0.0,0.0,0.0,0.0,11.0,6.0,11.0,0.0,6.0,0.0,18.0,14.0,18.0,0.0,14.0,0.0,0.0,0.0,0.0,0.0,0.0,0.0,0.0,0.0,0.0,0.0,0.0,0.0,0.0,0.0,0.0,0.0,0.0,0.0
16,Sevilla,1.0,0.0,1.0,0.0,0.0,1.0,0.0,0.0,0.0,0.0,1.0,1.0,1.0,0.0,1.0,0.0,0.0,9.0,9.0,9.0,0.0,9.0,0.0,4.0,6.0,4.0,0.0,6.0,0.0,0.0,0.0,0.0,0.0,0.0,0.0,7.0,3.0,7.0,0.0,3.0,0.0,14.0,12.0,14.0,0.0,12.0,0.0,0.0,0.0,0.0,0.0,0.0,0.0,0.0,0.0,0.0,0.0,0.0,0.0,0.0,0.0,0.0,0.0,0.0,0.0
1,Ath Bilbao,1.0,0.0,1.0,0.0,0.0,1.0,0.0,0.0,0.0,0.0,0.0,0.0,0.0,0.0,0.0,0.0,0.0,12.0,8.0,12.0,0.0,8.0,0.0,2.0,2.0,2.0,0.0,2.0,0.0,0.0,0.0,0.0,0.0,0.0,0.0,7.0,6.0,7.0,0.0,6.0,0.0,16.0,15.0,16.0,0.0,15.0,0.0,0.0,0.0,0.0,0.0,0.0,0.0,0.0,0.0,0.0,0.0,0.0,0.0,0.0,0.0,0.0,0.0,0.0,0.0
9,Girona,1.0,0.0,1.0,0.0,0.0,1.0,0.0,0.0,0.0,0.0,2.0,2.0,2.0,0.0,2.0,0.0,0.0,13.0,9.0,13.0,0.0,9.0,0.0,6.0,3.0,6.0,0.0,3.0,0.0,0.0,0.0,0.0,0.0,0.0,0.0,6.0,0.0,6.0,0.0,0.0,0.0,15.0,15.0,15.0,0.0,15.0,0.0,0.0,0.0,0.0,0.0,0.0,0.0,0.0,0.0,0.0,0.0,0.0,0.0,0.0,0.0,0.0,0.0,0.0,0.0
8,Getafe,1.0,0.0,1.0,0.0,0.0,0.0,0.0,0.0,1.0,0.0,0.0,0.0,0.0,0.0,0.0,0.0,0.0,8.0,12.0,0.0,8.0,0.0,12.0,0.0,2.0,0.0,2.0,0.0,2.0,0.0,0.0,0.0,0.0,0.0,0.0,6.0,7.0,0.0,6.0,0.0,7.0,15.0,16.0,0.0,15.0,0.0,16.0,0.0,0.0,0.0,0.0,0.0,0.0,0.0,0.0,0.0,0.0,0.0,0.0,0.0,0.0,0.0,0.0,0.0,0.0
7,Espanol,1.0,0.0,1.0,0.0,0.0,0.0,0.0,0.0,1.0,0.0,1.0,1.0,0.0,1.0,0.0,1.0,0.0,9.0,9.0,0.0,9.0,0.0,9.0,0.0,4.0,0.0,6.0,0.0,4.0,0.0,0.0,0.0,0.0,0.0,0.0,3.0,7.0,0.0,3.0,0.0,7.0,12.0,14.0,0.0,12.0,0.0,14.0,0.0,0.0,0.0,0.0,0.0,0.0,0.0,0.0,0.0,0.0,0.0,0.0,0.0,0.0,0.0,0.0,0.0,0.0
2,Ath Madrid,1.0,0.0,1.0,0.0,0.0,0.0,0.0,0.0,1.0,0.0,2.0,2.0,0.0,2.0,0.0,2.0,0.0,9.0,13.0,0.0,9.0,0.0,13.0,0.0,6.0,0.0,3.0,0.0,6.0,0.0,0.0,0.0,0.0,0.0,0.0,0.0,6.0,0.0,0.0,0.0,6.0,15.0,15.0,0.0,15.0,0.0,15.0,0.0,0.0,0.0,0.0,0.0,0.0,0.0,0.0,0.0,0.0,0.0,0.0,0.0,0.0,0.0,0.0,0.0,0.0
0,Alaves,0.0,0.0,0.0,1.0,0.0,0.0,0.0,0.0,0.0,1.0,0.0,1.0,0.0,0.0,0.0,1.0,0.0,6.0,16.0,0.0,6.0,0.0,16.0,0.0,9.0,0.0,3.0,0.0,9.0,0.0,0.0,0.0,0.0,0.0,0.0,2.0,4.0,0.0,2.0,0.0,4.0,18.0,14.0,0.0,18.0,0.0,14.0,0.0,0.0,0.0,0.0,0.0,0.0,0.0,0.0,0.0,0.0,0.0,0.0,0.0,0.0,0.0,0.0,0.0,0.0
10,La Coruna,0.0,0.0,0.0,1.0,0.0,0.0,1.0,0.0,0.0,0.0,0.0,3.0,0.0,0.0,3.0,0.0,0.0,12.0,16.0,12.0,0.0,16.0,0.0,6.0,8.0,6.0,0.0,8.0,0.0,0.0,0.0,0.0,0.0,0.0,0.0,4.0,4.0,4.0,0.0,4.0,0.0,16.0,12.0,16.0,0.0,12.0,0.0,0.0,0.0,0.0,0.0,0.0,0.0,0.0,0.0,0.0,0.0,0.0,0.0,0.0,0.0,0.0,0.0,0.0,0.0
14,Malaga,0.0,0.0,0.0,1.0,0.0,0.0,1.0,0.0,0.0,0.0,0.0,1.0,0.0,0.0,1.0,0.0,0.0,10.0,13.0,10.0,0.0,13.0,0.0,4.0,6.0,4.0,0.0,6.0,0.0,0.0,0.0,0.0,0.0,0.0,0.0,3.0,7.0,3.0,0.0,7.0,0.0,16.0,15.0,16.0,0.0,15.0,0.0,0.0,0.0,0.0,0.0,0.0,0.0,0.0,0.0,0.0,0.0,0.0,0.0,0.0,0.0,0.0,0.0,0.0,0.0
11,Las Palmas,0.0,0.0,0.0,1.0,0.0,0.0,0.0,0.0,0.0,1.0,0.0,1.0,0.0,0.0,0.0,1.0,0.0,5.0,22.0,0.0,5.0,0.0,22.0,0.0,6.0,0.0,4.0,0.0,6.0,0.0,0.0,0.0,0.0,0.0,0.0,2.0,5.0,0.0,2.0,0.0,5.0,13.0,25.0,0.0,13.0,0.0,25.0,0.0,0.0,0.0,0.0,0.0,0.0,0.0,0.0,0.0,0.0,0.0,0.0,0.0,0.0,0.0,0.0,0.0,0.0
5,Celta,0.0,0.0,0.0,1.0,0.0,0.0,1.0,0.0,0.0,0.0,2.0,3.0,2.0,0.0,3.0,0.0,0.0,16.0,13.0,16.0,0.0,13.0,0.0,5.0,6.0,5.0,0.0,6.0,0.0,0.0,0.0,0.0,0.0,0.0,0.0,5.0,4.0,5.0,0.0,4.0,0.0,12.0,11.0,12.0,0.0,11.0,0.0,0.0,0.0,0.0,0.0,0.0,0.0,0.0,0.0,0.0,0.0,0.0,0.0,0.0,0.0,0.0,0.0,0.0,0.0
4,Betis,0.0,0.0,0.0,1.0,0.0,0.0,0.0,0.0,0.0,1.0,0.0,2.0,0.0,0.0,0.0,2.0,0.0,3.0,15.0,0.0,3.0,0.0,15.0,0.0,2.0,0.0,0.0,0.0,2.0,0.0,0.0,0.0,0.0,0.0,0.0,0.0,8.0,0.0,0.0,0.0,8.0,15.0,16.0,0.0,15.0,0.0,16.0,0.0,0.0,0.0,0.0,0.0,0.0,0.0,0.0,0.0,0.0,0.0,0.0,0.0,0.0,0.0,0.0,0.0,0.0
19,Villarreal,0.0,0.0,0.0,1.0,0.0,0.0,0.0,0.0,0.0,1.0,0.0,1.0,0.0,0.0,0.0,1.0,0.0,9.0,14.0,0.0,9.0,0.0,14.0,0.0,3.0,0.0,1.0,0.0,3.0,0.0,0.0,0.0,0.0,0.0,0.0,6.0,11.0,0.0,6.0,0.0,11.0,14.0,18.0,0.0,14.0,0.0,18.0,0.0,0.0,0.0,0.0,0.0,0.0,0.0,0.0,0.0,0.0,0.0,0.0,0.0,0.0,0.0,0.0,0.0,0.0
,Team,Points,Wins,Draws,Looses,HomeWins,HomeDraws,HomeLooses,AwayWins,AwayDraws,AwayLooses,Goals,GoalsAgainst,HomeGoals,AwayGoals,HomeGoalsAgainst,AwayGoalsAgainst,Position,Shoots,ShootsAgainst,HomeShoots,AwayShoots,HomeShootsAgainst,AwayShootsAgainst,ShootsOnTarget,ShootsAgainstOnTarget,HomeShootsOnTarget,AwayShootsOnTarget,HomeShootsAgainstOnTarget,AwayShootsAgainstOnTarget,ShootsHitWoodwork,ShootsAgainstHitWoodwork,HomeShootsHitWoodwork,AwayShootsHitWoodwork,HomeShootsAgainstHitWoodwork,AwayShootsAgainstHitWoodwork,Corners,CornersAgainst,HomeCorners,AwayCorners,HomeCornersAgainst,AwayCornersAgainst,Fouls,FoulsReceived,HomeFouls,AwayFouls,HomeFoulsReceived,AwayFoulsReceived,Offsides,OffsidesAgainst,HomeOffsides,AwayOffsides,HomeOffsidesAgainst,AwayOffsidesAgainst,YellowCards,YellowCardsAgainst,HomeYellowCards,AwayYellowCards,HomeYellowCardsAgainst,AwayYellowCardsAgainst,RedCards,RedCardsAgainst,HomeRedCards,AwayRedCards,HomeRedCardsAgainst,AwayRedCardsAgainst
17,Sociedad,6.0,2.0,0.0,0.0,1.0,0.0,0.0,1.0,0.0,0.0,6.0,2.0,3.0,3.0,0.0,2.0,0.0,28.0,22.0,15.0,13.0,6.0,16.0,9.0,6.0,9.0,6.0,1.0,5.0,0.0,0.0,0.0,0.0,0.0,0.0,14.0,9.0,10.0,4.0,4.0,5.0,23.0,34.0,12.0,11.0,22.0,12.0,0.0,0.0,0.0,0.0,0.0,0.0,0.0,0.0,0.0,0.0,0.0,0.0,0.0,0.0,0.0,0.0,0.0,0.0
3,Barcelona,6.0,2.0,0.0,0.0,1.0,0.0,0.0,1.0,0.0,0.0,4.0,0.0,2.0,2.0,0.0,0.0,0.0,38.0,14.0,15.0,23.0,3.0,11.0,2.0,2.0,2.0,11.0,0.0,2.0,0.0,0.0,0.0,0.0,0.0,0.0,22.0,1.0,8.0,14.0,0.0,1.0,26.0,27.0,16.0,10.0,15.0,12.0,0.0,0.0,0.0,0.0,0.0,0.0,0.0,0.0,0.0,0.0,0.0,0.0,0.0,0.0,0.0,0.0,0.0,0.0
12,Leganes,6.0,2.0,0.0,0.0,1.0,0.0,0.0,1.0,0.0,0.0,2.0,0.0,1.0,1.0,0.0,0.0,0.0,28.0,23.0,16.0,12.0,6.0,17.0,9.0,5.0,9.0,8.0,3.0,2.0,0.0,0.0,0.0,0.0,0.0,0.0,5.0,11.0,4.0,1.0,2.0,9.0,28.0,28.0,14.0,14.0,18.0,10.0,0.0,0.0,0.0,0.0,0.0,0.0,0.0,0.0,0.0,0.0,0.0,0.0,0.0,0.0,0.0,0.0,0.0,0.0
15,Real Madrid,4.0,1.0,1.0,0.0,0.0,1.0,0.0,1.0,0.0,0.0,5.0,2.0,2.0,3.0,2.0,0.0,0.0,38.0,19.0,22.0,16.0,7.0,12.0,6.0,9.0,6.0,8.0,3.0,6.0,0.0,0.0,0.0,0.0,0.0,0.0,17.0,8.0,13.0,4.0,4.0,4.0,24.0,28.0,12.0,12.0,12.0,16.0,0.0,0.0,0.0,0.0,0.0,0.0,0.0,0.0,0.0,0.0,0.0,0.0,0.0,0.0,0.0,0.0,0.0,0.0
2,Ath Madrid,4.0,1.0,1.0,0.0,0.0,0.0,0.0,1.0,1.0,0.0,7.0,3.0,0.0,7.0,0.0,3.0,0.0,17.0,23.0,0.0,17.0,0.0,23.0,0.0,10.0,0.0,9.0,0.0,10.0,0.0,0.0,0.0,0.0,0.0,0.0,2.0,10.0,0.0,2.0,0.0,10.0,24.0,25.0,0.0,24.0,0.0,25.0,0.0,0.0,0.0,0.0,0.0,0.0,0.0,0.0,0.0,0.0,0.0,0.0,0.0,0.0,0.0,0.0,0.0,0.0
16,Sevilla,4.0,1.0,1.0,0.0,0.0,1.0,0.0,1.0,0.0,0.0,2.0,1.0,1.0,1.0,1.0,0.0,0.0,15.0,24.0,9.0,6.0,9.0,15.0,4.0,9.0,4.0,3.0,6.0,3.0,0.0,0.0,0.0,0.0,0.0,0.0,12.0,10.0,7.0,5.0,3.0,7.0,24.0,32.0,14.0,10.0,12.0,20.0,0.0,0.0,0.0,0.0,0.0,0.0,0.0,0.0,0.0,0.0,0.0,0.0,0.0,0.0,0.0,0.0,0.0,0.0
1,Ath Bilbao,4.0,1.0,1.0,0.0,0.0,1.0,0.0,1.0,0.0,0.0,1.0,0.0,0.0,1.0,0.0,0.0,0.0,22.0,22.0,12.0,10.0,8.0,14.0,2.0,7.0,2.0,4.0,2.0,5.0,0.0,0.0,0.0,0.0,0.0,0.0,10.0,10.0,7.0,3.0,6.0,4.0,27.0,29.0,16.0,11.0,15.0,14.0,0.0,0.0,0.0,0.0,0.0,0.0,0.0,0.0,0.0,0.0,0.0,0.0,0.0,0.0,0.0,0.0,0.0,0.0
9,Girona,4.0,1.0,1.0,0.0,1.0,1.0,0.0,0.0,0.0,0.0,3.0,2.0,3.0,0.0,2.0,0.0,0.0,28.0,16.0,28.0,0.0,16.0,0.0,10.0,5.0,10.0,0.0,5.0,0.0,0.0,0.0,0.0,0.0,0.0,0.0,8.0,3.0,8.0,0.0,3.0,0.0,26.0,30.0,26.0,0.0,30.0,0.0,0.0,0.0,0.0,0.0,0.0,0.0,0.0,0.0,0.0,0.0,0.0,0.0,0.0,0.0,0.0,0.0,0.0,0.0
13,Levante,4.0,1.0,1.0,0.0,1.0,1.0,0.0,0.0,0.0,0.0,3.0,2.0,3.0,0.0,2.0,0.0,0.0,38.0,20.0,38.0,0.0,20.0,0.0,8.0,5.0,8.0,0.0,5.0,0.0,0.0,0.0,0.0,0.0,0.0,0.0,17.0,11.0,17.0,0.0,11.0,0.0,29.0,26.0,29.0,0.0,26.0,0.0,0.0,0.0,0.0,0.0,0.0,0.0,0.0,0.0,0.0,0.0,0.0,0.0,0.0,0.0,0.0,0.0,0.0,0.0
18,Valencia,4.0,1.0,1.0,0.0,1.0,0.0,0.0,0.0,1.0,0.0,3.0,2.0,1.0,2.0,0.0,2.0,0.0,29.0,27.0,22.0,7.0,5.0,22.0,6.0,10.0,6.0,3.0,4.0,6.0,0.0,0.0,0.0,0.0,0.0,0.0,9.0,15.0,5.0,4.0,2.0,13.0,37.0,25.0,25.0,12.0,13.0,12.0,0.0,0.0,0.0,0.0,0.0,0.0,0.0,0.0,0.0,0.0,0.0,0.0,0.0,0.0,0.0,0.0,0.0,0.0
4,Betis,3.0,1.0,0.0,1.0,1.0,0.0,0.0,0.0,0.0,1.0,2.0,3.0,2.0,0.0,1.0,2.0,0.0,13.0,24.0,10.0,3.0,9.0,15.0,3.0,4.0,3.0,0.0,2.0,2.0,0.0,0.0,0.0,0.0,0.0,0.0,4.0,14.0,4.0,0.0,6.0,8.0,28.0,25.0,13.0,15.0,9.0,16.0,0.0,0.0,0.0,0.0,0.0,0.0,0.0,0.0,0.0,0.0,0.0,0.0,0.0,0.0,0.0,0.0,0.0,0.0
6,Eibar,3.0,1.0,0.0,1.0,0.0,0.0,1.0,1.0,0.0,0.0,1.0,1.0,0.0,1.0,1.0,0.0,0.0,27.0,20.0,14.0,13.0,10.0,10.0,5.0,8.0,5.0,6.0,4.0,4.0,0.0,0.0,0.0,0.0,0.0,0.0,11.0,6.0,4.0,7.0,3.0,3.0,29.0,27.0,14.0,15.0,11.0,16.0,0.0,0.0,0.0,0.0,0.0,0.0,0.0,0.0,0.0,0.0,0.0,0.0,0.0,0.0,0.0,0.0,0.0,0.0
7,Espanol,1.0,0.0,1.0,1.0,0.0,0.0,1.0,0.0,1.0,0.0,1.0,2.0,0.0,1.0,1.0,1.0,0.0,26.0,21.0,17.0,9.0,12.0,9.0,2.0,12.0,2.0,6.0,8.0,4.0,0.0,0.0,0.0,0.0,0.0,0.0,12.0,8.0,9.0,3.0,1.0,7.0,22.0,28.0,10.0,12.0,14.0,14.0,0.0,0.0,0.0,0.0,0.0,0.0,0.0,0.0,0.0,0.0,0.0,0.0,0.0,0.0,0.0,0.0,0.0,0.0
8,Getafe,1.0,0.0,1.0,1.0,0.0,0.0,1.0,0.0,1.0,0.0,0.0,1.0,0.0,0.0,1.0,0.0,0.0,23.0,18.0,15.0,8.0,6.0,12.0,3.0,5.0,3.0,2.0,3.0,2.0,0.0,0.0,0.0,0.0,0.0,0.0,13.0,12.0,7.0,6.0,5.0,7.0,35.0,26.0,20.0,15.0,10.0,16.0,0.0,0.0,0.0,0.0,0.0,0.0,0.0,0.0,0.0,0.0,0.0,0.0,0.0,0.0,0.0,0.0,0.0,0.0
10,La Coruna,1.0,0.0,1.0,1.0,0.0,0.0,1.0,0.0,1.0,0.0,2.0,5.0,0.0,2.0,3.0,2.0,0.0,23.0,40.0,12.0,11.0,16.0,24.0,6.0,13.0,6.0,4.0,8.0,5.0,0.0,0.0,0.0,0.0,0.0,0.0,9.0,10.0,4.0,5.0,4.0,6.0,28.0,23.0,16.0,12.0,12.0,11.0,0.0,0.0,0.0,0.0,0.0,0.0,0.0,0.0,0.0,0.0,0.0,0.0,0.0,0.0,0.0,0.0,0.0,0.0
0,Alaves,0.0,0.0,0.0,2.0,0.0,0.0,1.0,0.0,0.0,1.0,0.0,3.0,0.0,0.0,2.0,1.0,0.0,17.0,39.0,11.0,6.0,23.0,16.0,2.0,20.0,2.0,3.0,11.0,9.0,0.0,0.0,0.0,0.0,0.0,0.0,3.0,18.0,1.0,2.0,14.0,4.0,30.0,24.0,12.0,18.0,10.0,14.0,0.0,0.0,0.0,0.0,0.0,0.0,0.0,0.0,0.0,0.0,0.0,0.0,0.0,0.0,0.0,0.0,0.0,0.0
14,Malaga,0.0,0.0,0.0,2.0,0.0,0.0,1.0,0.0,0.0,1.0,0.0,2.0,0.0,0.0,1.0,1.0,0.0,17.0,28.0,10.0,7.0,13.0,15.0,4.0,10.0,4.0,2.0,6.0,4.0,0.0,0.0,0.0,0.0,0.0,0.0,6.0,9.0,3.0,3.0,7.0,2.0,31.0,26.0,16.0,15.0,15.0,11.0,0.0,0.0,0.0,0.0,0.0,0.0,0.0,0.0,0.0,0.0,0.0,0.0,0.0,0.0,0.0,0.0,0.0,0.0
11,Las Palmas,0.0,0.0,0.0,2.0,0.0,0.0,1.0,0.0,0.0,1.0,1.0,6.0,1.0,0.0,5.0,1.0,0.0,15.0,30.0,10.0,5.0,8.0,22.0,4.0,12.0,4.0,4.0,6.0,6.0,0.0,0.0,0.0,0.0,0.0,0.0,6.0,7.0,4.0,2.0,2.0,5.0,23.0,34.0,10.0,13.0,9.0,25.0,0.0,0.0,0.0,0.0,0.0,0.0,0.0,0.0,0.0,0.0,0.0,0.0,0.0,0.0,0.0,0.0,0.0,0.0
5,Celta,0.0,0.0,0.0,2.0,0.0,0.0,1.0,0.0,0.0,1.0,3.0,5.0,2.0,1.0,3.0,2.0,0.0,25.0,23.0,16.0,9.0,13.0,10.0,5.0,9.0,5.0,2.0,6.0,3.0,0.0,0.0,0.0,0.0,0.0,0.0,11.0,8.0,5.0,6.0,4.0,4.0,21.0,24.0,12.0,9.0,11.0,13.0,0.0,0.0,0.0,0.0,0.0,0.0,0.0,0.0,0.0,0.0,0.0,0.0,0.0,0.0,0.0,0.0,0.0,0.0
19,Villarreal,0.0,0.0,0.0,2.0,0.0,0.0,0.0,0.0,0.0,2.0,0.0,4.0,0.0,0.0,0.0,4.0,0.0,15.0,29.0,0.0,15.0,0.0,29.0,0.0,12.0,0.0,2.0,0.0,12.0,0.0,0.0,0.0,0.0,0.0,0.0,10.0,21.0,0.0,10.0,0.0,21.0,36.0,30.0,0.0,36.0,0.0,30.0,0.0,0.0,0.0,0.0,0.0,0.0,0.0,0.0,0.0,0.0,0.0,0.0,0.0,0.0,0.0,0.0,0.0,0.0
,Team,Points,Wins,Draws,Looses,HomeWins,HomeDraws,HomeLooses,AwayWins,AwayDraws,AwayLooses,Goals,GoalsAgainst,HomeGoals,AwayGoals,HomeGoalsAgainst,AwayGoalsAgainst,Position,Shoots,ShootsAgainst,HomeShoots,AwayShoots,HomeShootsAgainst,AwayShootsAgainst,ShootsOnTarget,ShootsAgainstOnTarget,HomeShootsOnTarget,AwayShootsOnTarget,HomeShootsAgainstOnTarget,AwayShootsAgainstOnTarget,ShootsHitWoodwork,ShootsAgainstHitWoodwork,HomeShootsHitWoodwork,AwayShootsHitWoodwork,HomeShootsAgainstHitWoodwork,AwayShootsAgainstHitWoodwork,Corners,CornersAgainst,HomeCorners,AwayCorners,HomeCornersAgainst,AwayCornersAgainst,Fouls,FoulsReceived,HomeFouls,AwayFouls,HomeFoulsReceived,AwayFoulsReceived,Offsides,OffsidesAgainst,HomeOffsides,AwayOffsides,HomeOffsidesAgainst,AwayOffsidesAgainst,YellowCards,YellowCardsAgainst,HomeYellowCards,AwayYellowCards,HomeYellowCardsAgainst,AwayYellowCardsAgainst,RedCards,RedCardsAgainst,HomeRedCards,AwayRedCards,HomeRedCardsAgainst,AwayRedCardsAgainst
17,Sociedad,9.0,3.0,0.0,0.0,1.0,0.0,0.0,2.0,0.0,0.0,10.0,4.0,3.0,7.0,0.0,4.0,0.0,43.0,33.0,15.0,28.0,6.0,27.0,9.0,10.0,9.0,10.0,1.0,9.0,0.0,0.0,0.0,0.0,0.0,0.0,21.0,14.0,10.0,11.0,4.0,10.0,37.0,52.0,12.0,25.0,22.0,30.0,0.0,0.0,0.0,0.0,0.0,0.0,0.0,0.0,0.0,0.0,0.0,0.0,0.0,0.0,0.0,0.0,0.0,0.0
3,Barcelona,9.0,3.0,0.0,0.0,2.0,0.0,0.0,1.0,0.0,0.0,9.0,0.0,7.0,2.0,0.0,0.0,0.0,58.0,23.0,35.0,23.0,12.0,11.0,11.0,3.0,11.0,11.0,1.0,2.0,0.0,0.0,0.0,0.0,0.0,0.0,30.0,8.0,16.0,14.0,7.0,1.0,37.0,45.0,27.0,10.0,33.0,12.0,0.0,0.0,0.0,0.0,0.0,0.0,0.0,0.0,0.0,0.0,0.0,0.0,0.0,0.0,0.0,0.0,0.0,0.0
16,Sevilla,7.0,2.0,1.0,0.0,1.0,1.0,0.0,1.0,0.0,0.0,5.0,1.0,4.0,1.0,1.0,0.0,0.0,27.0,31.0,21.0,6.0,16.0,15.0,10.0,11.0,10.0,3.0,8.0,3.0,0.0,0.0,0.0,0.0,0.0,0.0,18.0,15.0,13.0,5.0,8.0,7.0,38.0,50.0,28.0,10.0,30.0,20.0,0.0,0.0,0.0,0.0,0.0,0.0,0.0,0.0,0.0,0.0,0.0,0.0,0.0,0.0,0.0,0.0,0.0,0.0
1,Ath Bilbao,7.0,2.0,1.0,0.0,1.0,1.0,0.0,1.0,0.0,0.0,3.0,0.0,2.0,1.0,0.0,0.0,0.0,29.0,33.0,19.0,10.0,19.0,14.0,6.0,14.0,6.0,4.0,9.0,5.0,0.0,0.0,0.0,0.0,0.0,0.0,16.0,14.0,13.0,3.0,10.0,4.0,46.0,47.0,35.0,11.0,33.0,14.0,0.0,0.0,0.0,0.0,0.0,0.0,0.0,0.0,0.0,0.0,0.0,0.0,0.0,0.0,0.0,0.0,0.0,0.0
12,Leganes,6.0,2.0,0.0,1.0,1.0,0.0,1.0,1.0,0.0,0.0,3.0,2.0,2.0,1.0,2.0,0.0,0.0,39.0,34.0,27.0,12.0,17.0,17.0,16.0,8.0,16.0,8.0,6.0,2.0,0.0,0.0,0.0,0.0,0.0,0.0,7.0,15.0,6.0,1.0,6.0,9.0,42.0,48.0,28.0,14.0,38.0,10.0,0.0,0.0,0.0,0.0,0.0,0.0,0.0,0.0,0.0,0.0,0.0,0.0,0.0,0.0,0.0,0.0,0.0,0.0
15,Real Madrid,5.0,1.0,2.0,0.0,0.0,2.0,0.0,1.0,0.0,0.0,6.0,3.0,3.0,3.0,3.0,0.0,0.0,56.0,24.0,40.0,16.0,12.0,12.0,16.0,11.0,16.0,8.0,5.0,6.0,0.0,0.0,0.0,0.0,0.0,0.0,30.0,11.0,26.0,4.0,7.0,4.0,33.0,44.0,21.0,12.0,28.0,16.0,0.0,0.0,0.0,0.0,0.0,0.0,0.0,0.0,0.0,0.0,0.0,0.0,0.0,0.0,0.0,0.0,0.0,0.0
2,Ath Madrid,5.0,1.0,2.0,0.0,0.0,0.0,0.0,1.0,2.0,0.0,7.0,3.0,0.0,7.0,0.0,3.0,0.0,30.0,34.0,0.0,30.0,0.0,34.0,0.0,10.0,0.0,13.0,0.0,10.0,0.0,0.0,0.0,0.0,0.0,0.0,5.0,14.0,0.0,5.0,0.0,14.0,38.0,41.0,0.0,38.0,0.0,41.0,0.0,0.0,0.0,0.0,0.0,0.0,0.0,0.0,0.0,0.0,0.0,0.0,0.0,0.0,0.0,0.0,0.0,0.0
13,Levante,5.0,1.0,2.0,0.0,1.0,1.0,0.0,0.0,1.0,0.0,4.0,3.0,3.0,1.0,2.0,1.0,0.0,43.0,38.0,38.0,5.0,20.0,18.0,8.0,15.0,8.0,2.0,5.0,10.0,0.0,0.0,0.0,0.0,0.0,0.0,20.0,24.0,17.0,3.0,11.0,13.0,45.0,35.0,29.0,16.0,26.0,9.0,0.0,0.0,0.0,0.0,0.0,0.0,0.0,0.0,0.0,0.0,0.0,0.0,0.0,0.0,0.0,0.0,0.0,0.0
18,Valencia,5.0,1.0,2.0,0.0,1.0,1.0,0.0,0.0,1.0,0.0,3.0,2.0,1.0,2.0,0.0,2.0,0.0,40.0,40.0,33.0,7.0,18.0,22.0,6.0,14.0,6.0,3.0,8.0,6.0,0.0,0.0,0.0,0.0,0.0,0.0,13.0,18.0,9.0,4.0,5.0,13.0,53.0,39.0,41.0,12.0,27.0,12.0,0.0,0.0,0.0,0.0,0.0,0.0,0.0,0.0,0.0,0.0,0.0,0.0,0.0,0.0,0.0,0.0,0.0,0.0
9,Girona,4.0,1.0,1.0,1.0,1.0,1.0,0.0,0.0,0.0,1.0,3.0,4.0,3.0,0.0,2.0,2.0,0.0,39.0,23.0,28.0,11.0,16.0,7.0,10.0,9.0,10.0,7.0,5.0,4.0,0.0,0.0,0.0,0.0,0.0,0.0,12.0,9.0,8.0,4.0,3.0,6.0,44.0,49.0,26.0,18.0,30.0,19.0,0.0,0.0,0.0,0.0,0.0,0.0,0.0,0.0,0.0,0.0,0.0,0.0,0.0,0.0,0.0,0.0,0.0,0.0
8,Getafe,4.0,1.0,1.0,1.0,0.0,0.0,1.0,1.0,1.0,0.0,2.0,2.0,0.0,2.0,1.0,1.0,0.0,34.0,29.0,15.0,19.0,6.0,23.0,3.0,12.0,3.0,5.0,3.0,9.0,0.0,0.0,0.0,0.0,0.0,0.0,17.0,14.0,7.0,10.0,5.0,9.0,55.0,40.0,20.0,35.0,10.0,30.0,0.0,0.0,0.0,0.0,0.0,0.0,0.0,0.0,0.0,0.0,0.0,0.0,0.0,0.0,0.0,0.0,0.0,0.0
5,Celta,3.0,1.0,0.0,2.0,1.0,0.0,1.0,0.0,0.0,1.0,4.0,5.0,3.0,1.0,3.0,2.0,0.0,45.0,28.0,36.0,9.0,18.0,10.0,8.0,12.0,8.0,2.0,9.0,3.0,0.0,0.0,0.0,0.0,0.0,0.0,20.0,12.0,14.0,6.0,8.0,4.0,38.0,41.0,29.0,9.0,28.0,13.0,0.0,0.0,0.0,0.0,0.0,0.0,0.0,0.0,0.0,0.0,0.0,0.0,0.0,0.0,0.0,0.0,0.0,0.0
11,Las Palmas,3.0,1.0,0.0,2.0,0.0,0.0,1.0,1.0,0.0,1.0,4.0,7.0,1.0,3.0,5.0,2.0,0.0,25.0,44.0,10.0,15.0,8.0,36.0,4.0,18.0,4.0,12.0,6.0,12.0,0.0,0.0,0.0,0.0,0.0,0.0,8.0,10.0,4.0,4.0,2.0,8.0,34.0,56.0,10.0,24.0,9.0,47.0,0.0,0.0,0.0,0.0,0.0,0.0,0.0,0.0,0.0,0.0,0.0,0.0,0.0,0.0,0.0,0.0,0.0,0.0
6,Eibar,3.0,1.0,0.0,2.0,0.0,0.0,1.0,1.0,0.0,1.0,1.0,4.0,0.0,1.0,1.0,3.0,0.0,34.0,32.0,14.0,20.0,10.0,22.0,5.0,14.0,5.0,8.0,4.0,10.0,0.0,0.0,0.0,0.0,0.0,0.0,16.0,12.0,4.0,12.0,3.0,9.0,47.0,41.0,14.0,33.0,11.0,30.0,0.0,0.0,0.0,0.0,0.0,0.0,0.0,0.0,0.0,0.0,0.0,0.0,0.0,0.0,0.0,0.0,0.0,0.0
4,Betis,3.0,1.0,0.0,2.0,1.0,0.0,0.0,0.0,0.0,2.0,3.0,6.0,2.0,1.0,1.0,5.0,0.0,21.0,38.0,10.0,11.0,9.0,29.0,3.0,11.0,3.0,3.0,2.0,9.0,0.0,0.0,0.0,0.0,0.0,0.0,7.0,18.0,4.0,3.0,6.0,12.0,37.0,34.0,13.0,24.0,9.0,25.0,0.0,0.0,0.0,0.0,0.0,0.0,0.0,0.0,0.0,0.0,0.0,0.0,0.0,0.0,0.0,0.0,0.0,0.0
19,Villarreal,3.0,1.0,0.0,2.0,1.0,0.0,0.0,0.0,0.0,2.0,3.0,5.0,3.0,0.0,1.0,4.0,0.0,29.0,37.0,14.0,15.0,8.0,29.0,7.0,15.0,7.0,2.0,3.0,12.0,0.0,0.0,0.0,0.0,0.0,0.0,14.0,24.0,4.0,10.0,3.0,21.0,45.0,39.0,9.0,36.0,9.0,30.0,0.0,0.0,0.0,0.0,0.0,0.0,0.0,0.0,0.0,0.0,0.0,0.0,0.0,0.0,0.0,0.0,0.0,0.0
10,La Coruna,1.0,0.0,1.0,2.0,0.0,0.0,2.0,0.0,1.0,0.0,4.0,9.0,2.0,2.0,7.0,2.0,0.0,34.0,55.0,23.0,11.0,31.0,24.0,10.0,17.0,10.0,4.0,12.0,5.0,0.0,0.0,0.0,0.0,0.0,0.0,14.0,17.0,9.0,5.0,11.0,6.0,46.0,37.0,34.0,12.0,26.0,11.0,0.0,0.0,0.0,0.0,0.0,0.0,0.0,0.0,0.0,0.0,0.0,0.0,0.0,0.0,0.0,0.0,0.0,0.0
7,Espanol,1.0,0.0,1.0,2.0,0.0,0.0,1.0,0.0,1.0,1.0,1.0,7.0,0.0,1.0,1.0,6.0,0.0,35.0,41.0,17.0,18.0,12.0,29.0,2.0,21.0,2.0,7.0,8.0,13.0,0.0,0.0,0.0,0.0,0.0,0.0,19.0,16.0,9.0,10.0,1.0,15.0,40.0,39.0,10.0,30.0,14.0,25.0,0.0,0.0,0.0,0.0,0.0,0.0,0.0,0.0,0.0,0.0,0.0,0.0,0.0,0.0,0.0,0.0,0.0,0.0
0,Alaves,0.0,0.0,0.0,3.0,0.0,0.0,1.0,0.0,0.0,2.0,0.0,4.0,0.0,0.0,2.0,2.0,0.0,22.0,59.0,11.0,11.0,23.0,36.0,2.0,23.0,2.0,6.0,11.0,12.0,0.0,0.0,0.0,0.0,0.0,0.0,7.0,27.0,1.0,6.0,14.0,13.0,47.0,41.0,12.0,35.0,10.0,31.0,0.0,0.0,0.0,0.0,0.0,0.0,0.0,0.0,0.0,0.0,0.0,0.0,0.0,0.0,0.0,0.0,0.0,0.0
14,Malaga,0.0,0.0,0.0,3.0,0.0,0.0,2.0,0.0,0.0,1.0,1.0,5.0,1.0,0.0,4.0,1.0,0.0,31.0,38.0,24.0,7.0,23.0,15.0,10.0,18.0,10.0,2.0,14.0,4.0,0.0,0.0,0.0,0.0,0.0,0.0,9.0,11.0,6.0,3.0,9.0,2.0,53.0,37.0,38.0,15.0,26.0,11.0,0.0,0.0,0.0,0.0,0.0,0.0,0.0,0.0,0.0,0.0,0.0,0.0,0.0,0.0,0.0,0.0,0.0,0.0
,Team,Points,Wins,Draws,Looses,HomeWins,HomeDraws,HomeLooses,AwayWins,AwayDraws,AwayLooses,Goals,GoalsAgainst,HomeGoals,AwayGoals,HomeGoalsAgainst,AwayGoalsAgainst,Position,Shoots,ShootsAgainst,HomeShoots,AwayShoots,HomeShootsAgainst,AwayShootsAgainst,ShootsOnTarget,ShootsAgainstOnTarget,HomeShootsOnTarget,AwayShootsOnTarget,HomeShootsAgainstOnTarget,AwayShootsAgainstOnTarget,ShootsHitWoodwork,ShootsAgainstHitWoodwork,HomeShootsHitWoodwork,AwayShootsHitWoodwork,HomeShootsAgainstHitWoodwork,AwayShootsAgainstHitWoodwork,Corners,CornersAgainst,HomeCorners,AwayCorners,HomeCornersAgainst,AwayCornersAgainst,Fouls,FoulsReceived,HomeFouls,AwayFouls,HomeFoulsReceived,AwayFoulsReceived,Offsides,OffsidesAgainst,HomeOffsides,AwayOffsides,HomeOffsidesAgainst,AwayOffsidesAgainst,YellowCards,YellowCardsAgainst,HomeYellowCards,AwayYellowCards,HomeYellowCardsAgainst,AwayYellowCardsAgainst,RedCards,RedCardsAgainst,HomeRedCards,AwayRedCards,HomeRedCardsAgainst,AwayRedCardsAgainst
3,Barcelona,12.0,4.0,0.0,0.0,2.0,0.0,0.0,2.0,0.0,0.0,11.0,1.0,7.0,4.0,0.0,1.0,0.0,65.0,36.0,35.0,30.0,12.0,24.0,11.0,7.0,11.0,16.0,1.0,6.0,0.0,0.0,0.0,0.0,0.0,0.0,34.0,11.0,16.0,18.0,7.0,4.0,51.0,60.0,27.0,24.0,33.0,27.0,0.0,0.0,0.0,0.0,0.0,0.0,0.0,0.0,0.0,0.0,0.0,0.0,0.0,0.0,0.0,0.0,0.0,0.0
16,Sevilla,10.0,3.0,1.0,0.0,1.0,1.0,0.0,2.0,0.0,0.0,6.0,1.0,4.0,2.0,1.0,0.0,0.0,40.0,44.0,21.0,19.0,16.0,28.0,10.0,11.0,10.0,11.0,8.0,3.0,0.0,0.0,0.0,0.0,0.0,0.0,19.0,23.0,13.0,6.0,8.0,15.0,57.0,64.0,28.0,29.0,30.0,34.0,0.0,0.0,0.0,0.0,0.0,0.0,0.0,0.0,0.0,0.0,0.0,0.0,0.0,0.0,0.0,0.0,0.0,0.0
17,Sociedad,9.0,3.0,0.0,1.0,1.0,0.0,1.0,2.0,0.0,0.0,11.0,7.0,4.0,7.0,3.0,4.0,0.0,53.0,51.0,25.0,28.0,24.0,27.0,14.0,16.0,14.0,10.0,7.0,9.0,0.0,0.0,0.0,0.0,0.0,0.0,25.0,20.0,14.0,11.0,10.0,10.0,49.0,67.0,24.0,25.0,37.0,30.0,0.0,0.0,0.0,0.0,0.0,0.0,0.0,0.0,0.0,0.0,0.0,0.0,0.0,0.0,0.0,0.0,0.0,0.0
15,Real Madrid,8.0,2.0,2.0,0.0,0.0,2.0,0.0,2.0,0.0,0.0,9.0,4.0,3.0,6.0,3.0,1.0,0.0,74.0,34.0,40.0,34.0,12.0,22.0,16.0,16.0,16.0,14.0,5.0,11.0,0.0,0.0,0.0,0.0,0.0,0.0,36.0,15.0,26.0,10.0,7.0,8.0,48.0,56.0,21.0,27.0,28.0,28.0,0.0,0.0,0.0,0.0,0.0,0.0,0.0,0.0,0.0,0.0,0.0,0.0,0.0,0.0,0.0,0.0,0.0,0.0
2,Ath Madrid,8.0,2.0,2.0,0.0,1.0,0.0,0.0,1.0,2.0,0.0,8.0,3.0,1.0,7.0,0.0,3.0,0.0,47.0,43.0,17.0,30.0,9.0,34.0,4.0,14.0,4.0,13.0,4.0,10.0,0.0,0.0,0.0,0.0,0.0,0.0,13.0,18.0,8.0,5.0,4.0,14.0,47.0,56.0,9.0,38.0,15.0,41.0,0.0,0.0,0.0,0.0,0.0,0.0,0.0,0.0,0.0,0.0,0.0,0.0,0.0,0.0,0.0,0.0,0.0,0.0
1,Ath Bilbao,7.0,2.0,1.0,1.0,1.0,1.0,0.0,1.0,0.0,1.0,3.0,1.0,2.0,1.0,0.0,1.0,0.0,40.0,45.0,19.0,21.0,19.0,26.0,6.0,17.0,6.0,9.0,9.0,8.0,0.0,0.0,0.0,0.0,0.0,0.0,22.0,21.0,13.0,9.0,10.0,11.0,65.0,59.0,35.0,30.0,33.0,26.0,0.0,0.0,0.0,0.0,0.0,0.0,0.0,0.0,0.0,0.0,0.0,0.0,0.0,0.0,0.0,0.0,0.0,0.0
18,Valencia,6.0,1.0,3.0,0.0,1.0,1.0,0.0,0.0,2.0,0.0,4.0,3.0,1.0,3.0,0.0,3.0,0.0,53.0,49.0,33.0,20.0,18.0,31.0,6.0,16.0,6.0,8.0,8.0,8.0,0.0,0.0,0.0,0.0,0.0,0.0,16.0,19.0,9.0,7.0,5.0,14.0,64.0,60.0,41.0,23.0,27.0,33.0,0.0,0.0,0.0,0.0,0.0,0.0,0.0,0.0,0.0,0.0,0.0,0.0,0.0,0.0,0.0,0.0,0.0,0.0
6,Eibar,6.0,2.0,0.0,2.0,1.0,0.0,1.0,1.0,0.0,1.0,2.0,4.0,1.0,1.0,1.0,3.0,0.0,44.0,37.0,24.0,20.0,15.0,22.0,9.0,16.0,9.0,8.0,6.0,10.0,0.0,0.0,0.0,0.0,0.0,0.0,24.0,13.0,12.0,12.0,4.0,9.0,62.0,61.0,29.0,33.0,31.0,30.0,0.0,0.0,0.0,0.0,0.0,0.0,0.0,0.0,0.0,0.0,0.0,0.0,0.0,0.0,0.0,0.0,0.0,0.0
11,Las Palmas,6.0,2.0,0.0,2.0,1.0,0.0,1.0,1.0,0.0,1.0,5.0,7.0,2.0,3.0,5.0,2.0,0.0,37.0,55.0,22.0,15.0,19.0,36.0,7.0,23.0,7.0,12.0,11.0,12.0,0.0,0.0,0.0,0.0,0.0,0.0,15.0,16.0,11.0,4.0,8.0,8.0,46.0,75.0,22.0,24.0,28.0,47.0,0.0,0.0,0.0,0.0,0.0,0.0,0.0,0.0,0.0,0.0,0.0,0.0,0.0,0.0,0.0,0.0,0.0,0.0
19,Villarreal,6.0,2.0,0.0,2.0,1.0,0.0,0.0,1.0,0.0,2.0,6.0,5.0,3.0,3.0,1.0,4.0,0.0,45.0,53.0,14.0,31.0,8.0,45.0,7.0,17.0,7.0,8.0,3.0,14.0,0.0,0.0,0.0,0.0,0.0,0.0,17.0,26.0,4.0,13.0,3.0,23.0,70.0,51.0,9.0,61.0,9.0,42.0,0.0,0.0,0.0,0.0,0.0,0.0,0.0,0.0,0.0,0.0,0.0,0.0,0.0,0.0,0.0,0.0,0.0,0.0
13,Levante,6.0,1.0,3.0,0.0,1.0,2.0,0.0,0.0,1.0,0.0,5.0,4.0,4.0,1.0,3.0,1.0,0.0,52.0,51.0,47.0,5.0,33.0,18.0,10.0,20.0,10.0,2.0,10.0,10.0,0.0,0.0,0.0,0.0,0.0,0.0,21.0,27.0,18.0,3.0,14.0,13.0,66.0,46.0,50.0,16.0,37.0,9.0,0.0,0.0,0.0,0.0,0.0,0.0,0.0,0.0,0.0,0.0,0.0,0.0,0.0,0.0,0.0,0.0,0.0,0.0
12,Leganes,6.0,2.0,0.0,2.0,1.0,0.0,1.0,1.0,0.0,1.0,3.0,3.0,2.0,1.0,2.0,1.0,0.0,44.0,44.0,27.0,17.0,17.0,27.0,16.0,12.0,16.0,10.0,6.0,6.0,0.0,0.0,0.0,0.0,0.0,0.0,8.0,23.0,6.0,2.0,6.0,17.0,62.0,63.0,28.0,34.0,38.0,25.0,0.0,0.0,0.0,0.0,0.0,0.0,0.0,0.0,0.0,0.0,0.0,0.0,0.0,0.0,0.0,0.0,0.0,0.0
4,Betis,6.0,2.0,0.0,2.0,2.0,0.0,0.0,0.0,0.0,2.0,5.0,7.0,4.0,1.0,2.0,5.0,0.0,38.0,49.0,27.0,11.0,20.0,29.0,10.0,14.0,10.0,3.0,5.0,9.0,0.0,0.0,0.0,0.0,0.0,0.0,13.0,22.0,10.0,3.0,10.0,12.0,50.0,53.0,26.0,24.0,28.0,25.0,0.0,0.0,0.0,0.0,0.0,0.0,0.0,0.0,0.0,0.0,0.0,0.0,0.0,0.0,0.0,0.0,0.0,0.0
7,Espanol,4.0,1.0,1.0,2.0,1.0,0.0,1.0,0.0,1.0,1.0,3.0,8.0,2.0,1.0,2.0,6.0,0.0,44.0,52.0,26.0,18.0,23.0,29.0,5.0,22.0,5.0,7.0,9.0,13.0,0.0,0.0,0.0,0.0,0.0,0.0,22.0,21.0,12.0,10.0,6.0,15.0,52.0,53.0,22.0,30.0,28.0,25.0,0.0,0.0,0.0,0.0,0.0,0.0,0.0,0.0,0.0,0.0,0.0,0.0,0.0,0.0,0.0,0.0,0.0,0.0
9,Girona,4.0,1.0,1.0,2.0,1.0,1.0,1.0,0.0,0.0,1.0,3.0,5.0,3.0,0.0,3.0,2.0,0.0,52.0,36.0,41.0,11.0,29.0,7.0,10.0,17.0,10.0,7.0,13.0,4.0,0.0,0.0,0.0,0.0,0.0,0.0,20.0,10.0,16.0,4.0,4.0,6.0,58.0,68.0,40.0,18.0,49.0,19.0,0.0,0.0,0.0,0.0,0.0,0.0,0.0,0.0,0.0,0.0,0.0,0.0,0.0,0.0,0.0,0.0,0.0,0.0
8,Getafe,4.0,1.0,1.0,2.0,0.0,0.0,2.0,1.0,1.0,0.0,3.0,4.0,1.0,2.0,3.0,1.0,0.0,47.0,36.0,28.0,19.0,13.0,23.0,7.0,17.0,7.0,5.0,8.0,9.0,0.0,0.0,0.0,0.0,0.0,0.0,20.0,18.0,10.0,10.0,9.0,9.0,70.0,54.0,35.0,35.0,24.0,30.0,0.0,0.0,0.0,0.0,0.0,0.0,0.0,0.0,0.0,0.0,0.0,0.0,0.0,0.0,0.0,0.0,0.0,0.0
5,Celta,3.0,1.0,0.0,3.0,1.0,0.0,1.0,0.0,0.0,2.0,5.0,7.0,3.0,2.0,3.0,4.0,0.0,56.0,37.0,36.0,20.0,18.0,19.0,8.0,15.0,8.0,3.0,9.0,6.0,0.0,0.0,0.0,0.0,0.0,0.0,25.0,15.0,14.0,11.0,8.0,7.0,52.0,53.0,29.0,23.0,28.0,25.0,0.0,0.0,0.0,0.0,0.0,0.0,0.0,0.0,0.0,0.0,0.0,0.0,0.0,0.0,0.0,0.0,0.0,0.0
10,La Coruna,1.0,0.0,1.0,3.0,0.0,0.0,2.0,0.0,1.0,1.0,5.0,11.0,2.0,3.0,7.0,4.0,0.0,45.0,72.0,23.0,22.0,31.0,41.0,10.0,24.0,10.0,7.0,12.0,12.0,0.0,0.0,0.0,0.0,0.0,0.0,18.0,23.0,9.0,9.0,11.0,12.0,65.0,50.0,34.0,31.0,26.0,24.0,0.0,0.0,0.0,0.0,0.0,0.0,0.0,0.0,0.0,0.0,0.0,0.0,0.0,0.0,0.0,0.0,0.0,0.0
0,Alaves,0.0,0.0,0.0,4.0,0.0,0.0,2.0,0.0,0.0,2.0,0.0,7.0,0.0,0.0,5.0,2.0,0.0,38.0,75.0,27.0,11.0,39.0,36.0,4.0,29.0,4.0,6.0,17.0,12.0,0.0,0.0,0.0,0.0,0.0,0.0,9.0,30.0,3.0,6.0,17.0,13.0,59.0,66.0,24.0,35.0,35.0,31.0,0.0,0.0,0.0,0.0,0.0,0.0,0.0,0.0,0.0,0.0,0.0,0.0,0.0,0.0,0.0,0.0,0.0,0.0
14,Malaga,0.0,0.0,0.0,4.0,0.0,0.0,2.0,0.0,0.0,2.0,1.0,6.0,1.0,0.0,4.0,2.0,0.0,40.0,55.0,24.0,16.0,23.0,32.0,10.0,22.0,10.0,6.0,14.0,8.0,0.0,0.0,0.0,0.0,0.0,0.0,13.0,19.0,6.0,7.0,9.0,10.0,68.0,46.0,38.0,30.0,26.0,20.0,0.0,0.0,0.0,0.0,0.0,0.0,0.0,0.0,0.0,0.0,0.0,0.0,0.0,0.0,0.0,0.0,0.0,0.0
,Team,Points,Wins,Draws,Looses,HomeWins,HomeDraws,HomeLooses,AwayWins,AwayDraws,AwayLooses,Goals,GoalsAgainst,HomeGoals,AwayGoals,HomeGoalsAgainst,AwayGoalsAgainst,Position,Shoots,ShootsAgainst,HomeShoots,AwayShoots,HomeShootsAgainst,AwayShootsAgainst,ShootsOnTarget,ShootsAgainstOnTarget,HomeShootsOnTarget,AwayShootsOnTarget,HomeShootsAgainstOnTarget,AwayShootsAgainstOnTarget,ShootsHitWoodwork,ShootsAgainstHitWoodwork,HomeShootsHitWoodwork,AwayShootsHitWoodwork,HomeShootsAgainstHitWoodwork,AwayShootsAgainstHitWoodwork,Corners,CornersAgainst,HomeCorners,AwayCorners,HomeCornersAgainst,AwayCornersAgainst,Fouls,FoulsReceived,HomeFouls,AwayFouls,HomeFoulsReceived,AwayFoulsReceived,Offsides,OffsidesAgainst,HomeOffsides,AwayOffsides,HomeOffsidesAgainst,AwayOffsidesAgainst,YellowCards,YellowCardsAgainst,HomeYellowCards,AwayYellowCards,HomeYellowCardsAgainst,AwayYellowCardsAgainst,RedCards,RedCardsAgainst,HomeRedCards,AwayRedCards,HomeRedCardsAgainst,AwayRedCardsAgainst
3,Barcelona,15.0,5.0,0.0,0.0,3.0,0.0,0.0,2.0,0.0,0.0,17.0,2.0,13.0,4.0,1.0,1.0,0.0,76.0,49.0,46.0,30.0,25.0,24.0,21.0,11.0,21.0,16.0,5.0,6.0,0.0,0.0,0.0,0.0,0.0,0.0,41.0,18.0,23.0,18.0,14.0,4.0,55.0,69.0,31.0,24.0,42.0,27.0,0.0,0.0,0.0,0.0,0.0,0.0,0.0,0.0,0.0,0.0,0.0,0.0,0.0,0.0,0.0,0.0,0.0,0.0
16,Sevilla,13.0,4.0,1.0,0.0,2.0,1.0,0.0,2.0,0.0,0.0,7.0,1.0,5.0,2.0,1.0,0.0,0.0,54.0,50.0,35.0,19.0,22.0,28.0,19.0,11.0,19.0,11.0,8.0,3.0,0.0,0.0,0.0,0.0,0.0,0.0,31.0,23.0,25.0,6.0,8.0,15.0,78.0,72.0,49.0,29.0,38.0,34.0,0.0,0.0,0.0,0.0,0.0,0.0,0.0,0.0,0.0,0.0,0.0,0.0,0.0,0.0,0.0,0.0,0.0,0.0
2,Ath Madrid,11.0,3.0,2.0,0.0,1.0,0.0,0.0,2.0,2.0,0.0,10.0,4.0,1.0,9.0,0.0,4.0,0.0,63.0,55.0,17.0,46.0,9.0,46.0,4.0,21.0,4.0,22.0,4.0,17.0,0.0,0.0,0.0,0.0,0.0,0.0,13.0,24.0,8.0,5.0,4.0,20.0,59.0,68.0,9.0,50.0,15.0,53.0,0.0,0.0,0.0,0.0,0.0,0.0,0.0,0.0,0.0,0.0,0.0,0.0,0.0,0.0,0.0,0.0,0.0,0.0
13,Levante,9.0,2.0,3.0,0.0,2.0,2.0,0.0,0.0,1.0,0.0,8.0,4.0,7.0,1.0,3.0,1.0,0.0,65.0,64.0,60.0,5.0,46.0,18.0,19.0,23.0,19.0,2.0,13.0,10.0,0.0,0.0,0.0,0.0,0.0,0.0,24.0,33.0,21.0,3.0,20.0,13.0,79.0,57.0,63.0,16.0,48.0,9.0,0.0,0.0,0.0,0.0,0.0,0.0,0.0,0.0,0.0,0.0,0.0,0.0,0.0,0.0,0.0,0.0,0.0,0.0
17,Sociedad,9.0,3.0,0.0,2.0,1.0,0.0,1.0,2.0,0.0,1.0,11.0,10.0,4.0,7.0,3.0,7.0,0.0,66.0,64.0,25.0,41.0,24.0,40.0,14.0,25.0,14.0,13.0,7.0,18.0,0.0,0.0,0.0,0.0,0.0,0.0,31.0,23.0,14.0,17.0,10.0,13.0,60.0,80.0,24.0,36.0,37.0,43.0,0.0,0.0,0.0,0.0,0.0,0.0,0.0,0.0,0.0,0.0,0.0,0.0,0.0,0.0,0.0,0.0,0.0,0.0
4,Betis,9.0,3.0,0.0,2.0,2.0,0.0,0.0,1.0,0.0,2.0,6.0,7.0,4.0,2.0,2.0,5.0,0.0,50.0,76.0,27.0,23.0,20.0,56.0,10.0,21.0,10.0,7.0,5.0,16.0,0.0,0.0,0.0,0.0,0.0,0.0,16.0,34.0,10.0,6.0,10.0,24.0,61.0,66.0,26.0,35.0,28.0,38.0,0.0,0.0,0.0,0.0,0.0,0.0,0.0,0.0,0.0,0.0,0.0,0.0,0.0,0.0,0.0,0.0,0.0,0.0
18,Valencia,9.0,2.0,3.0,0.0,2.0,1.0,0.0,0.0,2.0,0.0,9.0,3.0,6.0,3.0,0.0,3.0,0.0,69.0,60.0,49.0,20.0,29.0,31.0,17.0,18.0,17.0,8.0,10.0,8.0,0.0,0.0,0.0,0.0,0.0,0.0,20.0,28.0,13.0,7.0,14.0,14.0,73.0,70.0,50.0,23.0,37.0,33.0,0.0,0.0,0.0,0.0,0.0,0.0,0.0,0.0,0.0,0.0,0.0,0.0,0.0,0.0,0.0,0.0,0.0,0.0
15,Real Madrid,8.0,2.0,2.0,1.0,0.0,2.0,1.0,2.0,0.0,0.0,9.0,5.0,3.0,6.0,4.0,1.0,0.0,101.0,46.0,67.0,34.0,24.0,22.0,23.0,20.0,23.0,14.0,9.0,11.0,0.0,0.0,0.0,0.0,0.0,0.0,48.0,18.0,38.0,10.0,10.0,8.0,61.0,67.0,34.0,27.0,39.0,28.0,0.0,0.0,0.0,0.0,0.0,0.0,0.0,0.0,0.0,0.0,0.0,0.0,0.0,0.0,0.0,0.0,0.0,0.0
12,Leganes,7.0,2.0,1.0,2.0,1.0,1.0,1.0,1.0,0.0,1.0,3.0,3.0,2.0,1.0,2.0,1.0,0.0,56.0,54.0,39.0,17.0,27.0,27.0,17.0,12.0,17.0,10.0,6.0,6.0,0.0,0.0,0.0,0.0,0.0,0.0,14.0,26.0,12.0,2.0,9.0,17.0,81.0,83.0,47.0,34.0,58.0,25.0,0.0,0.0,0.0,0.0,0.0,0.0,0.0,0.0,0.0,0.0,0.0,0.0,0.0,0.0,0.0,0.0,0.0,0.0
1,Ath Bilbao,7.0,2.0,1.0,2.0,1.0,1.0,1.0,1.0,0.0,1.0,4.0,3.0,3.0,1.0,2.0,1.0,0.0,52.0,61.0,31.0,21.0,35.0,26.0,13.0,26.0,13.0,9.0,18.0,8.0,0.0,0.0,0.0,0.0,0.0,0.0,28.0,21.0,19.0,9.0,10.0,11.0,77.0,71.0,47.0,30.0,45.0,26.0,0.0,0.0,0.0,0.0,0.0,0.0,0.0,0.0,0.0,0.0,0.0,0.0,0.0,0.0,0.0,0.0,0.0,0.0
19,Villarreal,7.0,2.0,1.0,2.0,1.0,1.0,0.0,1.0,0.0,2.0,6.0,5.0,3.0,3.0,1.0,4.0,0.0,59.0,63.0,28.0,31.0,18.0,45.0,12.0,20.0,12.0,8.0,6.0,14.0,0.0,0.0,0.0,0.0,0.0,0.0,22.0,31.0,9.0,13.0,8.0,23.0,87.0,61.0,26.0,61.0,19.0,42.0,0.0,0.0,0.0,0.0,0.0,0.0,0.0,0.0,0.0,0.0,0.0,0.0,0.0,0.0,0.0,0.0,0.0,0.0
11,Las Palmas,6.0,2.0,0.0,3.0,1.0,0.0,1.0,1.0,0.0,2.0,5.0,8.0,2.0,3.0,5.0,3.0,0.0,43.0,69.0,22.0,21.0,19.0,50.0,7.0,32.0,7.0,12.0,11.0,21.0,0.0,0.0,0.0,0.0,0.0,0.0,15.0,28.0,11.0,4.0,8.0,20.0,54.0,96.0,22.0,32.0,28.0,68.0,0.0,0.0,0.0,0.0,0.0,0.0,0.0,0.0,0.0,0.0,0.0,0.0,0.0,0.0,0.0,0.0,0.0,0.0
6,Eibar,6.0,2.0,0.0,3.0,1.0,0.0,1.0,1.0,0.0,2.0,3.0,10.0,1.0,2.0,1.0,9.0,0.0,57.0,48.0,24.0,33.0,15.0,33.0,9.0,26.0,9.0,12.0,6.0,20.0,0.0,0.0,0.0,0.0,0.0,0.0,31.0,20.0,12.0,19.0,4.0,16.0,71.0,65.0,29.0,42.0,31.0,34.0,0.0,0.0,0.0,0.0,0.0,0.0,0.0,0.0,0.0,0.0,0.0,0.0,0.0,0.0,0.0,0.0,0.0,0.0
7,Espanol,5.0,1.0,2.0,2.0,1.0,0.0,1.0,0.0,2.0,1.0,3.0,8.0,2.0,1.0,2.0,6.0,0.0,54.0,66.0,26.0,28.0,23.0,43.0,5.0,27.0,5.0,10.0,9.0,18.0,0.0,0.0,0.0,0.0,0.0,0.0,27.0,26.0,12.0,15.0,6.0,20.0,62.0,70.0,22.0,40.0,28.0,42.0,0.0,0.0,0.0,0.0,0.0,0.0,0.0,0.0,0.0,0.0,0.0,0.0,0.0,0.0,0.0,0.0,0.0,0.0
9,Girona,5.0,1.0,2.0,2.0,1.0,1.0,1.0,0.0,1.0,1.0,3.0,5.0,3.0,0.0,3.0,2.0,0.0,62.0,48.0,41.0,21.0,29.0,19.0,10.0,18.0,10.0,7.0,13.0,5.0,0.0,0.0,0.0,0.0,0.0,0.0,23.0,16.0,16.0,7.0,4.0,12.0,78.0,87.0,40.0,38.0,49.0,38.0,0.0,0.0,0.0,0.0,0.0,0.0,0.0,0.0,0.0,0.0,0.0,0.0,0.0,0.0,0.0,0.0,0.0,0.0
8,Getafe,5.0,1.0,2.0,2.0,0.0,0.0,2.0,1.0,2.0,0.0,4.0,5.0,1.0,3.0,3.0,2.0,0.0,57.0,44.0,28.0,29.0,13.0,31.0,7.0,21.0,7.0,8.0,8.0,13.0,0.0,0.0,0.0,0.0,0.0,0.0,22.0,21.0,10.0,12.0,9.0,12.0,91.0,63.0,35.0,56.0,24.0,39.0,0.0,0.0,0.0,0.0,0.0,0.0,0.0,0.0,0.0,0.0,0.0,0.0,0.0,0.0,0.0,0.0,0.0,0.0
5,Celta,4.0,1.0,1.0,3.0,1.0,1.0,1.0,0.0,0.0,2.0,6.0,8.0,4.0,2.0,4.0,4.0,0.0,64.0,47.0,44.0,20.0,28.0,19.0,12.0,18.0,12.0,3.0,12.0,6.0,0.0,0.0,0.0,0.0,0.0,0.0,28.0,17.0,17.0,11.0,10.0,7.0,61.0,74.0,38.0,23.0,49.0,25.0,0.0,0.0,0.0,0.0,0.0,0.0,0.0,0.0,0.0,0.0,0.0,0.0,0.0,0.0,0.0,0.0,0.0,0.0
10,La Coruna,4.0,1.0,1.0,3.0,1.0,0.0,2.0,0.0,1.0,1.0,6.0,11.0,3.0,3.0,7.0,4.0,0.0,60.0,80.0,38.0,22.0,39.0,41.0,13.0,27.0,13.0,7.0,15.0,12.0,0.0,0.0,0.0,0.0,0.0,0.0,23.0,25.0,14.0,9.0,13.0,12.0,81.0,69.0,50.0,31.0,45.0,24.0,0.0,0.0,0.0,0.0,0.0,0.0,0.0,0.0,0.0,0.0,0.0,0.0,0.0,0.0,0.0,0.0,0.0,0.0
0,Alaves,0.0,0.0,0.0,5.0,0.0,0.0,2.0,0.0,0.0,3.0,0.0,8.0,0.0,0.0,5.0,3.0,0.0,46.0,90.0,27.0,19.0,39.0,51.0,4.0,32.0,4.0,9.0,17.0,15.0,0.0,0.0,0.0,0.0,0.0,0.0,11.0,35.0,3.0,8.0,17.0,18.0,78.0,82.0,24.0,54.0,35.0,47.0,0.0,0.0,0.0,0.0,0.0,0.0,0.0,0.0,0.0,0.0,0.0,0.0,0.0,0.0,0.0,0.0,0.0,0.0
14,Malaga,0.0,0.0,0.0,5.0,0.0,0.0,2.0,0.0,0.0,3.0,1.0,11.0,1.0,0.0,4.0,7.0,0.0,51.0,71.0,24.0,27.0,23.0,48.0,10.0,33.0,10.0,8.0,14.0,19.0,0.0,0.0,0.0,0.0,0.0,0.0,22.0,23.0,6.0,16.0,9.0,14.0,78.0,55.0,38.0,40.0,26.0,29.0,0.0,0.0,0.0,0.0,0.0,0.0,0.0,0.0,0.0,0.0,0.0,0.0,0.0,0.0,0.0,0.0,0.0,0.0
,Team,Points,Wins,Draws,Looses,HomeWins,HomeDraws,HomeLooses,AwayWins,AwayDraws,AwayLooses,Goals,GoalsAgainst,HomeGoals,AwayGoals,HomeGoalsAgainst,AwayGoalsAgainst,Position,Shoots,ShootsAgainst,HomeShoots,AwayShoots,HomeShootsAgainst,AwayShootsAgainst,ShootsOnTarget,ShootsAgainstOnTarget,HomeShootsOnTarget,AwayShootsOnTarget,HomeShootsAgainstOnTarget,AwayShootsAgainstOnTarget,ShootsHitWoodwork,ShootsAgainstHitWoodwork,HomeShootsHitWoodwork,AwayShootsHitWoodwork,HomeShootsAgainstHitWoodwork,AwayShootsAgainstHitWoodwork,Corners,CornersAgainst,HomeCorners,AwayCorners,HomeCornersAgainst,AwayCornersAgainst,Fouls,FoulsReceived,HomeFouls,AwayFouls,HomeFoulsReceived,AwayFoulsReceived,Offsides,OffsidesAgainst,HomeOffsides,AwayOffsides,HomeOffsidesAgainst,AwayOffsidesAgainst,YellowCards,YellowCardsAgainst,HomeYellowCards,AwayYellowCards,HomeYellowCardsAgainst,AwayYellowCardsAgainst,RedCards,RedCardsAgainst,HomeRedCards,AwayRedCards,HomeRedCardsAgainst,AwayRedCardsAgainst
3,Barcelona,18.0,6.0,0.0,0.0,3.0,0.0,0.0,3.0,0.0,0.0,20.0,2.0,13.0,7.0,1.0,1.0,0.0,85.0,62.0,46.0,39.0,25.0,37.0,21.0,13.0,21.0,21.0,5.0,8.0,0.0,0.0,0.0,0.0,0.0,0.0,44.0,27.0,23.0,21.0,14.0,13.0,60.0,90.0,31.0,29.0,42.0,48.0,0.0,0.0,0.0,0.0,0.0,0.0,0.0,0.0,0.0,0.0,0.0,0.0,0.0,0.0,0.0,0.0,0.0,0.0
2,Ath Madrid,14.0,4.0,2.0,0.0,2.0,0.0,0.0,2.0,2.0,0.0,12.0,4.0,3.0,9.0,0.0,4.0,0.0,76.0,66.0,30.0,46.0,20.0,46.0,8.0,21.0,8.0,22.0,4.0,17.0,0.0,0.0,0.0,0.0,0.0,0.0,20.0,30.0,15.0,5.0,10.0,20.0,70.0,85.0,20.0,50.0,32.0,53.0,0.0,0.0,0.0,0.0,0.0,0.0,0.0,0.0,0.0,0.0,0.0,0.0,0.0,0.0,0.0,0.0,0.0,0.0
16,Sevilla,13.0,4.0,1.0,1.0,2.0,1.0,0.0,2.0,0.0,1.0,7.0,3.0,5.0,2.0,1.0,2.0,0.0,65.0,63.0,35.0,30.0,22.0,41.0,19.0,15.0,19.0,11.0,8.0,7.0,0.0,0.0,0.0,0.0,0.0,0.0,37.0,30.0,25.0,12.0,8.0,22.0,95.0,83.0,49.0,46.0,38.0,45.0,0.0,0.0,0.0,0.0,0.0,0.0,0.0,0.0,0.0,0.0,0.0,0.0,0.0,0.0,0.0,0.0,0.0,0.0
4,Betis,12.0,4.0,0.0,2.0,3.0,0.0,0.0,1.0,0.0,2.0,10.0,7.0,8.0,2.0,2.0,5.0,0.0,64.0,84.0,41.0,23.0,28.0,56.0,16.0,22.0,16.0,7.0,6.0,16.0,0.0,0.0,0.0,0.0,0.0,0.0,22.0,37.0,16.0,6.0,13.0,24.0,70.0,71.0,35.0,35.0,33.0,38.0,0.0,0.0,0.0,0.0,0.0,0.0,0.0,0.0,0.0,0.0,0.0,0.0,0.0,0.0,0.0,0.0,0.0,0.0
18,Valencia,12.0,3.0,3.0,0.0,2.0,1.0,0.0,1.0,2.0,0.0,12.0,5.0,6.0,6.0,0.0,5.0,0.0,82.0,78.0,49.0,33.0,29.0,49.0,17.0,24.0,17.0,12.0,10.0,14.0,0.0,0.0,0.0,0.0,0.0,0.0,26.0,35.0,13.0,13.0,14.0,21.0,86.0,81.0,50.0,36.0,37.0,44.0,0.0,0.0,0.0,0.0,0.0,0.0,0.0,0.0,0.0,0.0,0.0,0.0,0.0,0.0,0.0,0.0,0.0,0.0
15,Real Madrid,11.0,3.0,2.0,1.0,0.0,2.0,1.0,3.0,0.0,0.0,11.0,6.0,3.0,8.0,4.0,2.0,0.0,122.0,54.0,67.0,55.0,24.0,30.0,23.0,23.0,23.0,21.0,9.0,14.0,0.0,0.0,0.0,0.0,0.0,0.0,61.0,23.0,38.0,23.0,10.0,13.0,80.0,86.0,34.0,46.0,39.0,47.0,0.0,0.0,0.0,0.0,0.0,0.0,0.0,0.0,0.0,0.0,0.0,0.0,0.0,0.0,0.0,0.0,0.0,0.0
12,Leganes,10.0,3.0,1.0,2.0,1.0,1.0,1.0,2.0,0.0,1.0,5.0,3.0,2.0,3.0,2.0,1.0,0.0,65.0,62.0,39.0,26.0,27.0,35.0,17.0,15.0,17.0,13.0,6.0,9.0,0.0,0.0,0.0,0.0,0.0,0.0,16.0,29.0,12.0,4.0,9.0,20.0,96.0,93.0,47.0,49.0,58.0,35.0,0.0,0.0,0.0,0.0,0.0,0.0,0.0,0.0,0.0,0.0,0.0,0.0,0.0,0.0,0.0,0.0,0.0,0.0
13,Levante,9.0,2.0,3.0,1.0,2.0,2.0,0.0,0.0,1.0,1.0,8.0,8.0,7.0,1.0,3.0,5.0,0.0,73.0,78.0,60.0,13.0,46.0,32.0,19.0,29.0,19.0,3.0,13.0,16.0,0.0,0.0,0.0,0.0,0.0,0.0,27.0,39.0,21.0,6.0,20.0,19.0,84.0,66.0,63.0,21.0,48.0,18.0,0.0,0.0,0.0,0.0,0.0,0.0,0.0,0.0,0.0,0.0,0.0,0.0,0.0,0.0,0.0,0.0,0.0,0.0
17,Sociedad,9.0,3.0,0.0,3.0,1.0,0.0,2.0,2.0,0.0,1.0,13.0,13.0,6.0,7.0,6.0,7.0,0.0,84.0,77.0,43.0,41.0,37.0,40.0,20.0,29.0,20.0,13.0,11.0,18.0,0.0,0.0,0.0,0.0,0.0,0.0,38.0,29.0,21.0,17.0,16.0,13.0,71.0,93.0,35.0,36.0,50.0,43.0,0.0,0.0,0.0,0.0,0.0,0.0,0.0,0.0,0.0,0.0,0.0,0.0,0.0,0.0,0.0,0.0,0.0,0.0
1,Ath Bilbao,8.0,2.0,2.0,2.0,1.0,1.0,1.0,1.0,1.0,1.0,7.0,6.0,3.0,4.0,2.0,4.0,0.0,60.0,76.0,31.0,29.0,35.0,41.0,13.0,33.0,13.0,16.0,18.0,15.0,0.0,0.0,0.0,0.0,0.0,0.0,29.0,26.0,19.0,10.0,10.0,16.0,85.0,87.0,47.0,38.0,45.0,42.0,0.0,0.0,0.0,0.0,0.0,0.0,0.0,0.0,0.0,0.0,0.0,0.0,0.0,0.0,0.0,0.0,0.0,0.0
8,Getafe,8.0,2.0,2.0,2.0,1.0,0.0,2.0,1.0,2.0,0.0,8.0,5.0,5.0,3.0,3.0,2.0,0.0,74.0,50.0,45.0,29.0,19.0,31.0,15.0,22.0,15.0,8.0,9.0,13.0,0.0,0.0,0.0,0.0,0.0,0.0,29.0,25.0,17.0,12.0,13.0,12.0,102.0,79.0,46.0,56.0,40.0,39.0,0.0,0.0,0.0,0.0,0.0,0.0,0.0,0.0,0.0,0.0,0.0,0.0,0.0,0.0,0.0,0.0,0.0,0.0
7,Espanol,8.0,2.0,2.0,2.0,2.0,0.0,1.0,0.0,2.0,1.0,7.0,9.0,6.0,1.0,3.0,6.0,0.0,71.0,87.0,43.0,28.0,44.0,43.0,10.0,33.0,10.0,10.0,15.0,18.0,0.0,0.0,0.0,0.0,0.0,0.0,31.0,32.0,16.0,15.0,12.0,20.0,78.0,77.0,38.0,40.0,35.0,42.0,0.0,0.0,0.0,0.0,0.0,0.0,0.0,0.0,0.0,0.0,0.0,0.0,0.0,0.0,0.0,0.0,0.0,0.0
19,Villarreal,7.0,2.0,1.0,3.0,1.0,1.0,0.0,1.0,0.0,3.0,6.0,9.0,3.0,3.0,1.0,8.0,0.0,65.0,80.0,28.0,37.0,18.0,62.0,12.0,28.0,12.0,9.0,6.0,22.0,0.0,0.0,0.0,0.0,0.0,0.0,26.0,38.0,9.0,17.0,8.0,30.0,103.0,72.0,26.0,77.0,19.0,53.0,0.0,0.0,0.0,0.0,0.0,0.0,0.0,0.0,0.0,0.0,0.0,0.0,0.0,0.0,0.0,0.0,0.0,0.0
5,Celta,7.0,2.0,1.0,3.0,1.0,1.0,1.0,1.0,0.0,2.0,10.0,8.0,4.0,6.0,4.0,4.0,0.0,74.0,56.0,44.0,30.0,28.0,28.0,12.0,18.0,12.0,9.0,12.0,6.0,0.0,0.0,0.0,0.0,0.0,0.0,32.0,21.0,17.0,15.0,10.0,11.0,66.0,88.0,38.0,28.0,49.0,39.0,0.0,0.0,0.0,0.0,0.0,0.0,0.0,0.0,0.0,0.0,0.0,0.0,0.0,0.0,0.0,0.0,0.0,0.0
6,Eibar,6.0,2.0,0.0,4.0,1.0,0.0,2.0,1.0,0.0,2.0,3.0,14.0,1.0,2.0,5.0,9.0,0.0,66.0,58.0,33.0,33.0,25.0,33.0,9.0,32.0,9.0,12.0,12.0,20.0,0.0,0.0,0.0,0.0,0.0,0.0,35.0,24.0,16.0,19.0,8.0,16.0,85.0,70.0,43.0,42.0,36.0,34.0,0.0,0.0,0.0,0.0,0.0,0.0,0.0,0.0,0.0,0.0,0.0,0.0,0.0,0.0,0.0,0.0,0.0,0.0
11,Las Palmas,6.0,2.0,0.0,4.0,1.0,0.0,2.0,1.0,0.0,2.0,5.0,10.0,2.0,3.0,7.0,3.0,0.0,51.0,78.0,30.0,21.0,28.0,50.0,10.0,35.0,10.0,12.0,14.0,21.0,0.0,0.0,0.0,0.0,0.0,0.0,18.0,30.0,14.0,4.0,10.0,20.0,64.0,111.0,32.0,32.0,43.0,68.0,0.0,0.0,0.0,0.0,0.0,0.0,0.0,0.0,0.0,0.0,0.0,0.0,0.0,0.0,0.0,0.0,0.0,0.0
9,Girona,5.0,1.0,2.0,3.0,1.0,1.0,2.0,0.0,1.0,1.0,3.0,8.0,3.0,0.0,6.0,2.0,0.0,75.0,57.0,54.0,21.0,38.0,19.0,12.0,23.0,12.0,7.0,18.0,5.0,0.0,0.0,0.0,0.0,0.0,0.0,32.0,19.0,25.0,7.0,7.0,12.0,99.0,92.0,61.0,38.0,54.0,38.0,0.0,0.0,0.0,0.0,0.0,0.0,0.0,0.0,0.0,0.0,0.0,0.0,0.0,0.0,0.0,0.0,0.0,0.0
10,La Coruna,4.0,1.0,1.0,4.0,1.0,0.0,2.0,0.0,1.0,2.0,7.0,15.0,3.0,4.0,7.0,8.0,0.0,81.0,97.0,38.0,43.0,39.0,58.0,13.0,32.0,13.0,13.0,15.0,17.0,0.0,0.0,0.0,0.0,0.0,0.0,29.0,29.0,14.0,15.0,13.0,16.0,88.0,85.0,50.0,38.0,45.0,40.0,0.0,0.0,0.0,0.0,0.0,0.0,0.0,0.0,0.0,0.0,0.0,0.0,0.0,0.0,0.0,0.0,0.0,0.0
14,Malaga,1.0,0.0,1.0,5.0,0.0,1.0,2.0,0.0,0.0,3.0,4.0,14.0,4.0,0.0,7.0,7.0,0.0,66.0,79.0,39.0,27.0,31.0,48.0,17.0,40.0,17.0,8.0,21.0,19.0,0.0,0.0,0.0,0.0,0.0,0.0,27.0,24.0,11.0,16.0,10.0,14.0,94.0,63.0,54.0,40.0,34.0,29.0,0.0,0.0,0.0,0.0,0.0,0.0,0.0,0.0,0.0,0.0,0.0,0.0,0.0,0.0,0.0,0.0,0.0,0.0
0,Alaves,0.0,0.0,0.0,6.0,0.0,0.0,3.0,0.0,0.0,3.0,1.0,10.0,1.0,0.0,7.0,3.0,0.0,54.0,111.0,35.0,19.0,60.0,51.0,7.0,39.0,7.0,9.0,24.0,15.0,0.0,0.0,0.0,0.0,0.0,0.0,16.0,48.0,8.0,8.0,30.0,18.0,97.0,101.0,43.0,54.0,54.0,47.0,0.0,0.0,0.0,0.0,0.0,0.0,0.0,0.0,0.0,0.0,0.0,0.0,0.0,0.0,0.0,0.0,0.0,0.0
,Team,Points,Wins,Draws,Looses,HomeWins,HomeDraws,HomeLooses,AwayWins,AwayDraws,AwayLooses,Goals,GoalsAgainst,HomeGoals,AwayGoals,HomeGoalsAgainst,AwayGoalsAgainst,Position,Shoots,ShootsAgainst,HomeShoots,AwayShoots,HomeShootsAgainst,AwayShootsAgainst,ShootsOnTarget,ShootsAgainstOnTarget,HomeShootsOnTarget,AwayShootsOnTarget,HomeShootsAgainstOnTarget,AwayShootsAgainstOnTarget,ShootsHitWoodwork,ShootsAgainstHitWoodwork,HomeShootsHitWoodwork,AwayShootsHitWoodwork,HomeShootsAgainstHitWoodwork,AwayShootsAgainstHitWoodwork,Corners,CornersAgainst,HomeCorners,AwayCorners,HomeCornersAgainst,AwayCornersAgainst,Fouls,FoulsReceived,HomeFouls,AwayFouls,HomeFoulsReceived,AwayFoulsReceived,Offsides,OffsidesAgainst,HomeOffsides,AwayOffsides,HomeOffsidesAgainst,AwayOffsidesAgainst,YellowCards,YellowCardsAgainst,HomeYellowCards,AwayYellowCards,HomeYellowCardsAgainst,AwayYellowCardsAgainst,RedCards,RedCardsAgainst,HomeRedCards,AwayRedCards,HomeRedCardsAgainst,AwayRedCardsAgainst
3,Barcelona,21.0,7.0,0.0,0.0,4.0,0.0,0.0,3.0,0.0,0.0,23.0,2.0,16.0,7.0,1.0,1.0,0.0,107.0,72.0,68.0,39.0,35.0,37.0,31.0,14.0,31.0,21.0,6.0,8.0,0.0,0.0,0.0,0.0,0.0,0.0,52.0,30.0,31.0,21.0,17.0,13.0,70.0,101.0,41.0,29.0,53.0,48.0,0.0,0.0,0.0,0.0,0.0,0.0,0.0,0.0,0.0,0.0,0.0,0.0,0.0,0.0,0.0,0.0,0.0,0.0
16,Sevilla,16.0,5.0,1.0,1.0,3.0,1.0,0.0,2.0,0.0,1.0,9.0,3.0,7.0,2.0,1.0,2.0,0.0,77.0,74.0,47.0,30.0,33.0,41.0,24.0,19.0,24.0,11.0,12.0,7.0,0.0,0.0,0.0,0.0,0.0,0.0,41.0,36.0,29.0,12.0,14.0,22.0,106.0,95.0,60.0,46.0,50.0,45.0,0.0,0.0,0.0,0.0,0.0,0.0,0.0,0.0,0.0,0.0,0.0,0.0,0.0,0.0,0.0,0.0,0.0,0.0
18,Valencia,15.0,4.0,3.0,0.0,3.0,1.0,0.0,1.0,2.0,0.0,15.0,7.0,9.0,6.0,2.0,5.0,0.0,92.0,94.0,59.0,33.0,45.0,49.0,23.0,30.0,23.0,12.0,16.0,14.0,0.0,0.0,0.0,0.0,0.0,0.0,28.0,43.0,15.0,13.0,22.0,21.0,104.0,97.0,68.0,36.0,53.0,44.0,0.0,0.0,0.0,0.0,0.0,0.0,0.0,0.0,0.0,0.0,0.0,0.0,0.0,0.0,0.0,0.0,0.0,0.0
2,Ath Madrid,15.0,4.0,3.0,0.0,2.0,0.0,0.0,2.0,3.0,0.0,12.0,4.0,3.0,9.0,0.0,4.0,0.0,87.0,73.0,30.0,57.0,20.0,53.0,8.0,24.0,8.0,24.0,4.0,20.0,0.0,0.0,0.0,0.0,0.0,0.0,26.0,32.0,15.0,11.0,10.0,22.0,83.0,98.0,20.0,63.0,32.0,66.0,0.0,0.0,0.0,0.0,0.0,0.0,0.0,0.0,0.0,0.0,0.0,0.0,0.0,0.0,0.0,0.0,0.0,0.0
15,Real Madrid,14.0,4.0,2.0,1.0,1.0,2.0,1.0,3.0,0.0,0.0,13.0,6.0,5.0,8.0,4.0,2.0,0.0,144.0,62.0,89.0,55.0,32.0,30.0,31.0,26.0,31.0,21.0,12.0,14.0,0.0,0.0,0.0,0.0,0.0,0.0,71.0,26.0,48.0,23.0,13.0,13.0,88.0,96.0,42.0,46.0,49.0,47.0,0.0,0.0,0.0,0.0,0.0,0.0,0.0,0.0,0.0,0.0,0.0,0.0,0.0,0.0,0.0,0.0,0.0,0.0
4,Betis,13.0,4.0,1.0,2.0,3.0,0.0,0.0,1.0,1.0,2.0,14.0,11.0,8.0,6.0,2.0,9.0,0.0,74.0,101.0,41.0,33.0,28.0,73.0,16.0,28.0,16.0,13.0,6.0,22.0,0.0,0.0,0.0,0.0,0.0,0.0,27.0,49.0,16.0,11.0,13.0,36.0,88.0,80.0,35.0,53.0,33.0,47.0,0.0,0.0,0.0,0.0,0.0,0.0,0.0,0.0,0.0,0.0,0.0,0.0,0.0,0.0,0.0,0.0,0.0,0.0
12,Leganes,11.0,3.0,2.0,2.0,1.0,2.0,1.0,2.0,0.0,1.0,5.0,3.0,2.0,3.0,2.0,1.0,0.0,72.0,73.0,46.0,26.0,38.0,35.0,20.0,17.0,20.0,13.0,8.0,9.0,0.0,0.0,0.0,0.0,0.0,0.0,18.0,35.0,14.0,4.0,15.0,20.0,109.0,106.0,60.0,49.0,71.0,35.0,0.0,0.0,0.0,0.0,0.0,0.0,0.0,0.0,0.0,0.0,0.0,0.0,0.0,0.0,0.0,0.0,0.0,0.0
19,Villarreal,10.0,3.0,1.0,3.0,2.0,1.0,0.0,1.0,0.0,3.0,9.0,9.0,6.0,3.0,1.0,8.0,0.0,77.0,88.0,40.0,37.0,26.0,62.0,18.0,29.0,18.0,9.0,7.0,22.0,0.0,0.0,0.0,0.0,0.0,0.0,32.0,41.0,15.0,17.0,11.0,30.0,118.0,81.0,41.0,77.0,28.0,53.0,0.0,0.0,0.0,0.0,0.0,0.0,0.0,0.0,0.0,0.0,0.0,0.0,0.0,0.0,0.0,0.0,0.0,0.0
17,Sociedad,10.0,3.0,1.0,3.0,1.0,1.0,2.0,2.0,0.0,1.0,17.0,17.0,10.0,7.0,10.0,7.0,0.0,101.0,87.0,60.0,41.0,47.0,40.0,26.0,35.0,26.0,13.0,17.0,18.0,0.0,0.0,0.0,0.0,0.0,0.0,50.0,34.0,33.0,17.0,21.0,13.0,80.0,111.0,44.0,36.0,68.0,43.0,0.0,0.0,0.0,0.0,0.0,0.0,0.0,0.0,0.0,0.0,0.0,0.0,0.0,0.0,0.0,0.0,0.0,0.0
13,Levante,9.0,2.0,3.0,2.0,2.0,2.0,1.0,0.0,1.0,1.0,8.0,10.0,7.0,1.0,5.0,5.0,0.0,86.0,86.0,73.0,13.0,54.0,32.0,19.0,32.0,19.0,3.0,16.0,16.0,0.0,0.0,0.0,0.0,0.0,0.0,35.0,43.0,29.0,6.0,24.0,19.0,95.0,84.0,74.0,21.0,66.0,18.0,0.0,0.0,0.0,0.0,0.0,0.0,0.0,0.0,0.0,0.0,0.0,0.0,0.0,0.0,0.0,0.0,0.0,0.0
1,Ath Bilbao,8.0,2.0,2.0,3.0,1.0,1.0,1.0,1.0,1.0,2.0,9.0,9.0,3.0,6.0,2.0,7.0,0.0,76.0,86.0,31.0,45.0,35.0,51.0,13.0,39.0,13.0,22.0,18.0,21.0,0.0,0.0,0.0,0.0,0.0,0.0,37.0,28.0,19.0,18.0,10.0,18.0,101.0,105.0,47.0,54.0,45.0,60.0,0.0,0.0,0.0,0.0,0.0,0.0,0.0,0.0,0.0,0.0,0.0,0.0,0.0,0.0,0.0,0.0,0.0,0.0
7,Espanol,8.0,2.0,2.0,3.0,2.0,0.0,1.0,0.0,2.0,2.0,7.0,11.0,6.0,1.0,3.0,8.0,0.0,79.0,109.0,43.0,36.0,44.0,65.0,10.0,41.0,10.0,13.0,15.0,26.0,0.0,0.0,0.0,0.0,0.0,0.0,34.0,42.0,16.0,18.0,12.0,30.0,88.0,85.0,38.0,50.0,35.0,50.0,0.0,0.0,0.0,0.0,0.0,0.0,0.0,0.0,0.0,0.0,0.0,0.0,0.0,0.0,0.0,0.0,0.0,0.0
5,Celta,8.0,2.0,2.0,3.0,1.0,2.0,1.0,1.0,0.0,2.0,13.0,11.0,7.0,6.0,7.0,4.0,0.0,90.0,66.0,60.0,30.0,38.0,28.0,21.0,24.0,21.0,9.0,18.0,6.0,0.0,0.0,0.0,0.0,0.0,0.0,37.0,27.0,22.0,15.0,16.0,11.0,75.0,105.0,47.0,28.0,66.0,39.0,0.0,0.0,0.0,0.0,0.0,0.0,0.0,0.0,0.0,0.0,0.0,0.0,0.0,0.0,0.0,0.0,0.0,0.0
8,Getafe,8.0,2.0,2.0,3.0,1.0,0.0,2.0,1.0,2.0,1.0,9.0,7.0,5.0,4.0,3.0,4.0,0.0,84.0,65.0,45.0,39.0,19.0,46.0,15.0,31.0,15.0,11.0,9.0,22.0,0.0,0.0,0.0,0.0,0.0,0.0,34.0,33.0,17.0,17.0,13.0,20.0,124.0,95.0,46.0,78.0,40.0,55.0,0.0,0.0,0.0,0.0,0.0,0.0,0.0,0.0,0.0,0.0,0.0,0.0,0.0,0.0,0.0,0.0,0.0,0.0
10,La Coruna,7.0,2.0,1.0,4.0,2.0,0.0,2.0,0.0,1.0,2.0,9.0,16.0,5.0,4.0,8.0,8.0,0.0,96.0,107.0,53.0,43.0,49.0,58.0,22.0,35.0,22.0,13.0,18.0,17.0,0.0,0.0,0.0,0.0,0.0,0.0,37.0,34.0,22.0,15.0,18.0,16.0,104.0,107.0,66.0,38.0,67.0,40.0,0.0,0.0,0.0,0.0,0.0,0.0,0.0,0.0,0.0,0.0,0.0,0.0,0.0,0.0,0.0,0.0,0.0,0.0
6,Eibar,6.0,2.0,0.0,5.0,1.0,0.0,2.0,1.0,0.0,3.0,3.0,17.0,1.0,2.0,5.0,12.0,0.0,74.0,70.0,33.0,41.0,25.0,45.0,9.0,38.0,9.0,13.0,12.0,26.0,0.0,0.0,0.0,0.0,0.0,0.0,38.0,30.0,16.0,22.0,8.0,22.0,94.0,85.0,43.0,51.0,36.0,49.0,0.0,0.0,0.0,0.0,0.0,0.0,0.0,0.0,0.0,0.0,0.0,0.0,0.0,0.0,0.0,0.0,0.0,0.0
11,Las Palmas,6.0,2.0,0.0,5.0,1.0,0.0,2.0,1.0,0.0,3.0,5.0,13.0,2.0,3.0,7.0,6.0,0.0,61.0,100.0,30.0,31.0,28.0,72.0,10.0,45.0,10.0,13.0,14.0,31.0,0.0,0.0,0.0,0.0,0.0,0.0,21.0,38.0,14.0,7.0,10.0,28.0,75.0,121.0,32.0,43.0,43.0,78.0,0.0,0.0,0.0,0.0,0.0,0.0,0.0,0.0,0.0,0.0,0.0,0.0,0.0,0.0,0.0,0.0,0.0,0.0
9,Girona,6.0,1.0,3.0,3.0,1.0,1.0,2.0,0.0,2.0,1.0,6.0,11.0,3.0,3.0,6.0,5.0,0.0,85.0,73.0,54.0,31.0,38.0,35.0,12.0,32.0,12.0,13.0,18.0,14.0,0.0,0.0,0.0,0.0,0.0,0.0,38.0,24.0,25.0,13.0,7.0,17.0,116.0,101.0,61.0,55.0,54.0,47.0,0.0,0.0,0.0,0.0,0.0,0.0,0.0,0.0,0.0,0.0,0.0,0.0,0.0,0.0,0.0,0.0,0.0,0.0
0,Alaves,3.0,1.0,0.0,6.0,0.0,0.0,3.0,1.0,0.0,3.0,3.0,10.0,1.0,2.0,7.0,3.0,0.0,62.0,124.0,35.0,27.0,60.0,64.0,7.0,39.0,7.0,12.0,24.0,15.0,0.0,0.0,0.0,0.0,0.0,0.0,20.0,56.0,8.0,12.0,30.0,26.0,115.0,112.0,43.0,72.0,54.0,58.0,0.0,0.0,0.0,0.0,0.0,0.0,0.0,0.0,0.0,0.0,0.0,0.0,0.0,0.0,0.0,0.0,0.0,0.0
14,Malaga,1.0,0.0,1.0,6.0,0.0,1.0,2.0,0.0,0.0,4.0,4.0,16.0,4.0,0.0,7.0,9.0,0.0,77.0,91.0,39.0,38.0,31.0,60.0,17.0,45.0,17.0,12.0,21.0,24.0,0.0,0.0,0.0,0.0,0.0,0.0,33.0,28.0,11.0,22.0,10.0,18.0,106.0,74.0,54.0,52.0,34.0,40.0,0.0,0.0,0.0,0.0,0.0,0.0,0.0,0.0,0.0,0.0,0.0,0.0,0.0,0.0,0.0,0.0,0.0,0.0
,Team,Points,Wins,Draws,Looses,HomeWins,HomeDraws,HomeLooses,AwayWins,AwayDraws,AwayLooses,Goals,GoalsAgainst,HomeGoals,AwayGoals,HomeGoalsAgainst,AwayGoalsAgainst,Position,Shoots,ShootsAgainst,HomeShoots,AwayShoots,HomeShootsAgainst,AwayShootsAgainst,ShootsOnTarget,ShootsAgainstOnTarget,HomeShootsOnTarget,AwayShootsOnTarget,HomeShootsAgainstOnTarget,AwayShootsAgainstOnTarget,ShootsHitWoodwork,ShootsAgainstHitWoodwork,HomeShootsHitWoodwork,AwayShootsHitWoodwork,HomeShootsAgainstHitWoodwork,AwayShootsAgainstHitWoodwork,Corners,CornersAgainst,HomeCorners,AwayCorners,HomeCornersAgainst,AwayCornersAgainst,Fouls,FoulsReceived,HomeFouls,AwayFouls,HomeFoulsReceived,AwayFoulsReceived,Offsides,OffsidesAgainst,HomeOffsides,AwayOffsides,HomeOffsidesAgainst,AwayOffsidesAgainst,YellowCards,YellowCardsAgainst,HomeYellowCards,AwayYellowCards,HomeYellowCardsAgainst,AwayYellowCardsAgainst,RedCards,RedCardsAgainst,HomeRedCards,AwayRedCards,HomeRedCardsAgainst,AwayRedCardsAgainst
3,Barcelona,22.0,7.0,1.0,0.0,4.0,0.0,0.0,3.0,1.0,0.0,24.0,3.0,16.0,8.0,1.0,2.0,0.0,122.0,77.0,68.0,54.0,35.0,42.0,31.0,18.0,31.0,28.0,6.0,12.0,0.0,0.0,0.0,0.0,0.0,0.0,53.0,32.0,31.0,22.0,17.0,15.0,80.0,113.0,41.0,39.0,53.0,60.0,0.0,0.0,0.0,0.0,0.0,0.0,0.0,0.0,0.0,0.0,0.0,0.0,0.0,0.0,0.0,0.0,0.0,0.0
18,Valencia,18.0,5.0,3.0,0.0,3.0,1.0,0.0,2.0,2.0,0.0,21.0,10.0,9.0,12.0,2.0,8.0,0.0,105.0,107.0,59.0,46.0,45.0,62.0,23.0,36.0,23.0,21.0,16.0,20.0,0.0,0.0,0.0,0.0,0.0,0.0,33.0,50.0,15.0,18.0,22.0,28.0,115.0,108.0,68.0,47.0,53.0,55.0,0.0,0.0,0.0,0.0,0.0,0.0,0.0,0.0,0.0,0.0,0.0,0.0,0.0,0.0,0.0,0.0,0.0,0.0
15,Real Madrid,17.0,5.0,2.0,1.0,1.0,2.0,1.0,4.0,0.0,0.0,15.0,7.0,5.0,10.0,4.0,3.0,0.0,160.0,70.0,89.0,71.0,32.0,38.0,31.0,29.0,31.0,27.0,12.0,17.0,0.0,0.0,0.0,0.0,0.0,0.0,78.0,30.0,48.0,30.0,13.0,17.0,96.0,119.0,42.0,54.0,49.0,70.0,0.0,0.0,0.0,0.0,0.0,0.0,0.0,0.0,0.0,0.0,0.0,0.0,0.0,0.0,0.0,0.0,0.0,0.0
16,Sevilla,16.0,5.0,1.0,2.0,3.0,1.0,0.0,2.0,0.0,2.0,9.0,4.0,7.0,2.0,1.0,3.0,0.0,91.0,89.0,47.0,44.0,33.0,56.0,24.0,21.0,24.0,17.0,12.0,9.0,0.0,0.0,0.0,0.0,0.0,0.0,47.0,42.0,29.0,18.0,14.0,28.0,115.0,113.0,60.0,55.0,50.0,63.0,0.0,0.0,0.0,0.0,0.0,0.0,0.0,0.0,0.0,0.0,0.0,0.0,0.0,0.0,0.0,0.0,0.0,0.0
2,Ath Madrid,16.0,4.0,4.0,0.0,2.0,1.0,0.0,2.0,3.0,0.0,13.0,5.0,4.0,9.0,1.0,4.0,0.0,92.0,88.0,35.0,57.0,35.0,53.0,12.0,31.0,12.0,24.0,11.0,20.0,0.0,0.0,0.0,0.0,0.0,0.0,28.0,33.0,17.0,11.0,11.0,22.0,95.0,108.0,32.0,63.0,42.0,66.0,0.0,0.0,0.0,0.0,0.0,0.0,0.0,0.0,0.0,0.0,0.0,0.0,0.0,0.0,0.0,0.0,0.0,0.0
12,Leganes,14.0,4.0,2.0,2.0,1.0,2.0,1.0,3.0,0.0,1.0,7.0,3.0,2.0,5.0,2.0,1.0,0.0,91.0,86.0,46.0,45.0,38.0,48.0,20.0,22.0,20.0,22.0,8.0,14.0,0.0,0.0,0.0,0.0,0.0,0.0,20.0,39.0,14.0,6.0,15.0,24.0,130.0,127.0,60.0,70.0,71.0,56.0,0.0,0.0,0.0,0.0,0.0,0.0,0.0,0.0,0.0,0.0,0.0,0.0,0.0,0.0,0.0,0.0,0.0,0.0
4,Betis,13.0,4.0,1.0,3.0,3.0,0.0,1.0,1.0,1.0,2.0,17.0,17.0,11.0,6.0,8.0,9.0,0.0,87.0,114.0,54.0,33.0,41.0,73.0,22.0,37.0,22.0,13.0,15.0,22.0,0.0,0.0,0.0,0.0,0.0,0.0,34.0,54.0,23.0,11.0,18.0,36.0,99.0,91.0,46.0,53.0,44.0,47.0,0.0,0.0,0.0,0.0,0.0,0.0,0.0,0.0,0.0,0.0,0.0,0.0,0.0,0.0,0.0,0.0,0.0,0.0
19,Villarreal,13.0,4.0,1.0,3.0,2.0,1.0,0.0,2.0,0.0,3.0,11.0,10.0,6.0,5.0,1.0,9.0,0.0,82.0,102.0,40.0,42.0,26.0,76.0,18.0,32.0,18.0,11.0,7.0,25.0,0.0,0.0,0.0,0.0,0.0,0.0,33.0,49.0,15.0,18.0,11.0,38.0,138.0,93.0,41.0,97.0,28.0,65.0,0.0,0.0,0.0,0.0,0.0,0.0,0.0,0.0,0.0,0.0,0.0,0.0,0.0,0.0,0.0,0.0,0.0,0.0
17,Sociedad,13.0,4.0,1.0,3.0,1.0,1.0,2.0,3.0,0.0,1.0,19.0,17.0,10.0,9.0,10.0,7.0,0.0,114.0,95.0,60.0,54.0,47.0,48.0,26.0,35.0,26.0,19.0,17.0,18.0,0.0,0.0,0.0,0.0,0.0,0.0,59.0,38.0,33.0,26.0,21.0,17.0,87.0,122.0,44.0,43.0,68.0,54.0,0.0,0.0,0.0,0.0,0.0,0.0,0.0,0.0,0.0,0.0,0.0,0.0,0.0,0.0,0.0,0.0,0.0,0.0
5,Celta,11.0,3.0,2.0,3.0,1.0,2.0,1.0,2.0,0.0,2.0,18.0,13.0,7.0,11.0,7.0,6.0,0.0,104.0,90.0,60.0,44.0,38.0,52.0,21.0,35.0,21.0,16.0,18.0,17.0,0.0,0.0,0.0,0.0,0.0,0.0,40.0,41.0,22.0,18.0,16.0,25.0,87.0,118.0,47.0,40.0,66.0,52.0,0.0,0.0,0.0,0.0,0.0,0.0,0.0,0.0,0.0,0.0,0.0,0.0,0.0,0.0,0.0,0.0,0.0,0.0
1,Ath Bilbao,11.0,3.0,2.0,3.0,2.0,1.0,1.0,1.0,1.0,2.0,10.0,9.0,4.0,6.0,2.0,7.0,0.0,91.0,100.0,46.0,45.0,49.0,51.0,15.0,45.0,15.0,22.0,24.0,21.0,0.0,0.0,0.0,0.0,0.0,0.0,43.0,34.0,25.0,18.0,16.0,18.0,119.0,114.0,65.0,54.0,54.0,60.0,0.0,0.0,0.0,0.0,0.0,0.0,0.0,0.0,0.0,0.0,0.0,0.0,0.0,0.0,0.0,0.0,0.0,0.0
13,Levante,10.0,2.0,4.0,2.0,2.0,2.0,1.0,0.0,2.0,1.0,8.0,10.0,7.0,1.0,5.0,5.0,0.0,99.0,106.0,73.0,26.0,54.0,52.0,19.0,38.0,19.0,6.0,16.0,22.0,0.0,0.0,0.0,0.0,0.0,0.0,39.0,52.0,29.0,10.0,24.0,28.0,108.0,93.0,74.0,34.0,66.0,27.0,0.0,0.0,0.0,0.0,0.0,0.0,0.0,0.0,0.0,0.0,0.0,0.0,0.0,0.0,0.0,0.0,0.0,0.0
7,Espanol,9.0,2.0,3.0,3.0,2.0,1.0,1.0,0.0,2.0,2.0,7.0,11.0,6.0,1.0,3.0,8.0,0.0,99.0,122.0,63.0,36.0,57.0,65.0,16.0,44.0,16.0,13.0,18.0,26.0,0.0,0.0,0.0,0.0,0.0,0.0,43.0,46.0,25.0,18.0,16.0,30.0,97.0,98.0,47.0,50.0,48.0,50.0,0.0,0.0,0.0,0.0,0.0,0.0,0.0,0.0,0.0,0.0,0.0,0.0,0.0,0.0,0.0,0.0,0.0,0.0
8,Getafe,8.0,2.0,2.0,4.0,1.0,0.0,3.0,1.0,2.0,1.0,10.0,9.0,6.0,4.0,5.0,4.0,0.0,92.0,81.0,53.0,39.0,35.0,46.0,18.0,37.0,18.0,11.0,15.0,22.0,0.0,0.0,0.0,0.0,0.0,0.0,38.0,40.0,21.0,17.0,20.0,20.0,147.0,103.0,69.0,78.0,48.0,55.0,0.0,0.0,0.0,0.0,0.0,0.0,0.0,0.0,0.0,0.0,0.0,0.0,0.0,0.0,0.0,0.0,0.0,0.0
10,La Coruna,8.0,2.0,2.0,4.0,2.0,0.0,2.0,0.0,2.0,2.0,9.0,16.0,5.0,4.0,8.0,8.0,0.0,107.0,122.0,53.0,54.0,49.0,73.0,22.0,41.0,22.0,16.0,18.0,23.0,0.0,0.0,0.0,0.0,0.0,0.0,38.0,44.0,22.0,16.0,18.0,26.0,114.0,116.0,66.0,48.0,67.0,49.0,0.0,0.0,0.0,0.0,0.0,0.0,0.0,0.0,0.0,0.0,0.0,0.0,0.0,0.0,0.0,0.0,0.0,0.0
6,Eibar,7.0,2.0,1.0,5.0,1.0,1.0,2.0,1.0,0.0,3.0,3.0,17.0,1.0,2.0,5.0,12.0,0.0,89.0,81.0,48.0,41.0,36.0,45.0,15.0,41.0,15.0,13.0,15.0,26.0,0.0,0.0,0.0,0.0,0.0,0.0,48.0,31.0,26.0,22.0,9.0,22.0,103.0,95.0,52.0,51.0,46.0,49.0,0.0,0.0,0.0,0.0,0.0,0.0,0.0,0.0,0.0,0.0,0.0,0.0,0.0,0.0,0.0,0.0,0.0,0.0
11,Las Palmas,6.0,2.0,0.0,6.0,1.0,0.0,3.0,1.0,0.0,3.0,7.0,18.0,4.0,3.0,12.0,6.0,0.0,85.0,114.0,54.0,31.0,42.0,72.0,21.0,52.0,21.0,13.0,21.0,31.0,0.0,0.0,0.0,0.0,0.0,0.0,35.0,41.0,28.0,7.0,13.0,28.0,88.0,133.0,45.0,43.0,55.0,78.0,0.0,0.0,0.0,0.0,0.0,0.0,0.0,0.0,0.0,0.0,0.0,0.0,0.0,0.0,0.0,0.0,0.0,0.0
9,Girona,6.0,1.0,3.0,4.0,1.0,1.0,3.0,0.0,2.0,1.0,7.0,13.0,4.0,3.0,8.0,5.0,0.0,99.0,78.0,68.0,31.0,43.0,35.0,15.0,34.0,15.0,13.0,20.0,14.0,0.0,0.0,0.0,0.0,0.0,0.0,46.0,25.0,33.0,13.0,8.0,17.0,128.0,121.0,73.0,55.0,74.0,47.0,0.0,0.0,0.0,0.0,0.0,0.0,0.0,0.0,0.0,0.0,0.0,0.0,0.0,0.0,0.0,0.0,0.0,0.0
0,Alaves,3.0,1.0,0.0,7.0,0.0,0.0,4.0,1.0,0.0,3.0,3.0,12.0,1.0,2.0,9.0,3.0,0.0,70.0,137.0,43.0,27.0,73.0,64.0,7.0,45.0,7.0,12.0,30.0,15.0,0.0,0.0,0.0,0.0,0.0,0.0,24.0,65.0,12.0,12.0,39.0,26.0,126.0,119.0,54.0,72.0,61.0,58.0,0.0,0.0,0.0,0.0,0.0,0.0,0.0,0.0,0.0,0.0,0.0,0.0,0.0,0.0,0.0,0.0,0.0,0.0
14,Malaga,1.0,0.0,1.0,7.0,0.0,1.0,3.0,0.0,0.0,4.0,4.0,18.0,4.0,0.0,9.0,9.0,0.0,90.0,110.0,52.0,38.0,50.0,60.0,22.0,54.0,22.0,12.0,30.0,24.0,0.0,0.0,0.0,0.0,0.0,0.0,37.0,30.0,15.0,22.0,12.0,18.0,127.0,95.0,75.0,52.0,55.0,40.0,0.0,0.0,0.0,0.0,0.0,0.0,0.0,0.0,0.0,0.0,0.0,0.0,0.0,0.0,0.0,0.0,0.0,0.0
,Team,Points,Wins,Draws,Looses,HomeWins,HomeDraws,HomeLooses,AwayWins,AwayDraws,AwayLooses,Goals,GoalsAgainst,HomeGoals,AwayGoals,HomeGoalsAgainst,AwayGoalsAgainst,Position,Shoots,ShootsAgainst,HomeShoots,AwayShoots,HomeShootsAgainst,AwayShootsAgainst,ShootsOnTarget,ShootsAgainstOnTarget,HomeShootsOnTarget,AwayShootsOnTarget,HomeShootsAgainstOnTarget,AwayShootsAgainstOnTarget,ShootsHitWoodwork,ShootsAgainstHitWoodwork,HomeShootsHitWoodwork,AwayShootsHitWoodwork,HomeShootsAgainstHitWoodwork,AwayShootsAgainstHitWoodwork,Corners,CornersAgainst,HomeCorners,AwayCorners,HomeCornersAgainst,AwayCornersAgainst,Fouls,FoulsReceived,HomeFouls,AwayFouls,HomeFoulsReceived,AwayFoulsReceived,Offsides,OffsidesAgainst,HomeOffsides,AwayOffsides,HomeOffsidesAgainst,AwayOffsidesAgainst,YellowCards,YellowCardsAgainst,HomeYellowCards,AwayYellowCards,HomeYellowCardsAgainst,AwayYellowCardsAgainst,RedCards,RedCardsAgainst,HomeRedCards,AwayRedCards,HomeRedCardsAgainst,AwayRedCardsAgainst
3,Barcelona,25.0,8.0,1.0,0.0,5.0,0.0,0.0,3.0,1.0,0.0,26.0,3.0,18.0,8.0,1.0,2.0,0.0,134.0,90.0,80.0,54.0,48.0,42.0,35.0,23.0,35.0,28.0,11.0,12.0,0.0,0.0,0.0,0.0,0.0,0.0,57.0,35.0,35.0,22.0,20.0,15.0,90.0,124.0,51.0,39.0,64.0,60.0,0.0,0.0,0.0,0.0,0.0,0.0,0.0,0.0,0.0,0.0,0.0,0.0,0.0,0.0,0.0,0.0,0.0,0.0
18,Valencia,21.0,6.0,3.0,0.0,4.0,1.0,0.0,2.0,2.0,0.0,25.0,10.0,13.0,12.0,2.0,8.0,0.0,123.0,125.0,77.0,46.0,63.0,62.0,31.0,41.0,31.0,21.0,21.0,20.0,0.0,0.0,0.0,0.0,0.0,0.0,40.0,60.0,22.0,18.0,32.0,28.0,130.0,129.0,83.0,47.0,74.0,55.0,0.0,0.0,0.0,0.0,0.0,0.0,0.0,0.0,0.0,0.0,0.0,0.0,0.0,0.0,0.0,0.0,0.0,0.0
15,Real Madrid,20.0,6.0,2.0,1.0,2.0,2.0,1.0,4.0,0.0,0.0,18.0,7.0,8.0,10.0,4.0,3.0,0.0,175.0,79.0,104.0,71.0,41.0,38.0,38.0,31.0,38.0,27.0,14.0,17.0,0.0,0.0,0.0,0.0,0.0,0.0,83.0,32.0,53.0,30.0,15.0,17.0,105.0,126.0,51.0,54.0,56.0,70.0,0.0,0.0,0.0,0.0,0.0,0.0,0.0,0.0,0.0,0.0,0.0,0.0,0.0,0.0,0.0,0.0,0.0,0.0
2,Ath Madrid,19.0,5.0,4.0,0.0,2.0,1.0,0.0,3.0,3.0,0.0,14.0,5.0,4.0,10.0,1.0,4.0,0.0,96.0,107.0,35.0,61.0,35.0,72.0,12.0,39.0,12.0,26.0,11.0,28.0,0.0,0.0,0.0,0.0,0.0,0.0,32.0,37.0,17.0,15.0,11.0,26.0,114.0,121.0,32.0,82.0,42.0,79.0,0.0,0.0,0.0,0.0,0.0,0.0,0.0,0.0,0.0,0.0,0.0,0.0,0.0,0.0,0.0,0.0,0.0,0.0
12,Leganes,17.0,5.0,2.0,2.0,2.0,2.0,1.0,3.0,0.0,1.0,8.0,3.0,3.0,5.0,2.0,1.0,0.0,106.0,93.0,61.0,45.0,45.0,48.0,24.0,23.0,24.0,22.0,9.0,14.0,0.0,0.0,0.0,0.0,0.0,0.0,24.0,42.0,18.0,6.0,18.0,24.0,146.0,142.0,76.0,70.0,86.0,56.0,0.0,0.0,0.0,0.0,0.0,0.0,0.0,0.0,0.0,0.0,0.0,0.0,0.0,0.0,0.0,0.0,0.0,0.0
16,Sevilla,16.0,5.0,1.0,3.0,3.0,1.0,0.0,2.0,0.0,3.0,9.0,8.0,7.0,2.0,1.0,7.0,0.0,109.0,107.0,47.0,62.0,33.0,74.0,24.0,29.0,24.0,22.0,12.0,17.0,0.0,0.0,0.0,0.0,0.0,0.0,57.0,49.0,29.0,28.0,14.0,35.0,136.0,128.0,60.0,76.0,50.0,78.0,0.0,0.0,0.0,0.0,0.0,0.0,0.0,0.0,0.0,0.0,0.0,0.0,0.0,0.0,0.0,0.0,0.0,0.0
4,Betis,16.0,5.0,1.0,3.0,4.0,0.0,1.0,1.0,1.0,2.0,19.0,17.0,13.0,6.0,8.0,9.0,0.0,99.0,121.0,66.0,33.0,48.0,73.0,27.0,40.0,27.0,13.0,18.0,22.0,0.0,0.0,0.0,0.0,0.0,0.0,40.0,59.0,29.0,11.0,23.0,36.0,117.0,100.0,64.0,53.0,53.0,47.0,0.0,0.0,0.0,0.0,0.0,0.0,0.0,0.0,0.0,0.0,0.0,0.0,0.0,0.0,0.0,0.0,0.0,0.0
19,Villarreal,16.0,5.0,1.0,3.0,3.0,1.0,0.0,2.0,0.0,3.0,15.0,10.0,10.0,5.0,1.0,9.0,0.0,107.0,118.0,65.0,42.0,42.0,76.0,27.0,37.0,27.0,11.0,12.0,25.0,0.0,0.0,0.0,0.0,0.0,0.0,42.0,55.0,24.0,18.0,17.0,38.0,152.0,102.0,55.0,97.0,37.0,65.0,0.0,0.0,0.0,0.0,0.0,0.0,0.0,0.0,0.0,0.0,0.0,0.0,0.0,0.0,0.0,0.0,0.0,0.0
17,Sociedad,14.0,4.0,2.0,3.0,1.0,2.0,2.0,3.0,0.0,1.0,20.0,18.0,11.0,9.0,11.0,7.0,0.0,133.0,99.0,79.0,54.0,51.0,48.0,31.0,36.0,31.0,19.0,18.0,18.0,0.0,0.0,0.0,0.0,0.0,0.0,69.0,39.0,43.0,26.0,22.0,17.0,99.0,137.0,56.0,43.0,83.0,54.0,0.0,0.0,0.0,0.0,0.0,0.0,0.0,0.0,0.0,0.0,0.0,0.0,0.0,0.0,0.0,0.0,0.0,0.0
1,Ath Bilbao,11.0,3.0,2.0,4.0,2.0,1.0,1.0,1.0,1.0,3.0,10.0,10.0,4.0,6.0,2.0,8.0,0.0,98.0,115.0,46.0,52.0,49.0,66.0,15.0,49.0,15.0,23.0,24.0,25.0,0.0,0.0,0.0,0.0,0.0,0.0,46.0,38.0,25.0,21.0,16.0,22.0,134.0,130.0,65.0,69.0,54.0,76.0,0.0,0.0,0.0,0.0,0.0,0.0,0.0,0.0,0.0,0.0,0.0,0.0,0.0,0.0,0.0,0.0,0.0,0.0
5,Celta,11.0,3.0,2.0,4.0,1.0,2.0,2.0,2.0,0.0,2.0,18.0,14.0,7.0,11.0,8.0,6.0,0.0,123.0,94.0,79.0,44.0,42.0,52.0,29.0,37.0,29.0,16.0,20.0,17.0,0.0,0.0,0.0,0.0,0.0,0.0,44.0,45.0,26.0,18.0,20.0,25.0,100.0,137.0,60.0,40.0,85.0,52.0,0.0,0.0,0.0,0.0,0.0,0.0,0.0,0.0,0.0,0.0,0.0,0.0,0.0,0.0,0.0,0.0,0.0,0.0
13,Levante,11.0,2.0,5.0,2.0,2.0,3.0,1.0,0.0,2.0,1.0,9.0,11.0,8.0,1.0,6.0,5.0,0.0,104.0,115.0,78.0,26.0,63.0,52.0,20.0,43.0,20.0,6.0,21.0,22.0,0.0,0.0,0.0,0.0,0.0,0.0,42.0,54.0,32.0,10.0,26.0,28.0,126.0,109.0,92.0,34.0,82.0,27.0,0.0,0.0,0.0,0.0,0.0,0.0,0.0,0.0,0.0,0.0,0.0,0.0,0.0,0.0,0.0,0.0,0.0,0.0
7,Espanol,10.0,2.0,4.0,3.0,2.0,1.0,1.0,0.0,3.0,2.0,8.0,12.0,6.0,2.0,3.0,9.0,0.0,103.0,141.0,63.0,40.0,57.0,84.0,16.0,49.0,16.0,14.0,18.0,31.0,0.0,0.0,0.0,0.0,0.0,0.0,44.0,56.0,25.0,19.0,16.0,40.0,112.0,110.0,47.0,65.0,48.0,62.0,0.0,0.0,0.0,0.0,0.0,0.0,0.0,0.0,0.0,0.0,0.0,0.0,0.0,0.0,0.0,0.0,0.0,0.0
8,Getafe,9.0,2.0,3.0,4.0,1.0,0.0,3.0,1.0,3.0,1.0,11.0,10.0,6.0,5.0,5.0,5.0,0.0,101.0,86.0,53.0,48.0,35.0,51.0,18.0,38.0,18.0,16.0,15.0,23.0,0.0,0.0,0.0,0.0,0.0,0.0,40.0,43.0,21.0,19.0,20.0,23.0,163.0,121.0,69.0,94.0,48.0,73.0,0.0,0.0,0.0,0.0,0.0,0.0,0.0,0.0,0.0,0.0,0.0,0.0,0.0,0.0,0.0,0.0,0.0,0.0
9,Girona,9.0,2.0,3.0,4.0,1.0,1.0,3.0,1.0,2.0,1.0,9.0,14.0,4.0,5.0,8.0,6.0,0.0,112.0,93.0,68.0,44.0,43.0,50.0,15.0,40.0,15.0,19.0,20.0,20.0,0.0,0.0,0.0,0.0,0.0,0.0,53.0,34.0,33.0,20.0,8.0,26.0,144.0,130.0,73.0,71.0,74.0,56.0,0.0,0.0,0.0,0.0,0.0,0.0,0.0,0.0,0.0,0.0,0.0,0.0,0.0,0.0,0.0,0.0,0.0,0.0
10,La Coruna,8.0,2.0,2.0,5.0,2.0,0.0,3.0,0.0,2.0,2.0,10.0,18.0,6.0,4.0,10.0,8.0,0.0,122.0,135.0,68.0,54.0,62.0,73.0,28.0,47.0,28.0,16.0,24.0,23.0,0.0,0.0,0.0,0.0,0.0,0.0,47.0,51.0,31.0,16.0,25.0,26.0,123.0,132.0,75.0,48.0,83.0,49.0,0.0,0.0,0.0,0.0,0.0,0.0,0.0,0.0,0.0,0.0,0.0,0.0,0.0,0.0,0.0,0.0,0.0,0.0
6,Eibar,7.0,2.0,1.0,6.0,1.0,1.0,2.0,1.0,0.0,4.0,3.0,20.0,1.0,2.0,5.0,15.0,0.0,98.0,96.0,48.0,50.0,36.0,60.0,15.0,48.0,15.0,15.0,15.0,33.0,0.0,0.0,0.0,0.0,0.0,0.0,50.0,36.0,26.0,24.0,9.0,27.0,110.0,104.0,52.0,58.0,46.0,58.0,0.0,0.0,0.0,0.0,0.0,0.0,0.0,0.0,0.0,0.0,0.0,0.0,0.0,0.0,0.0,0.0,0.0,0.0
11,Las Palmas,6.0,2.0,0.0,7.0,1.0,0.0,3.0,1.0,0.0,4.0,7.0,22.0,4.0,3.0,12.0,10.0,0.0,101.0,139.0,54.0,47.0,42.0,97.0,21.0,61.0,21.0,18.0,21.0,40.0,0.0,0.0,0.0,0.0,0.0,0.0,41.0,50.0,28.0,13.0,13.0,37.0,97.0,147.0,45.0,52.0,55.0,92.0,0.0,0.0,0.0,0.0,0.0,0.0,0.0,0.0,0.0,0.0,0.0,0.0,0.0,0.0,0.0,0.0,0.0,0.0
0,Alaves,3.0,1.0,0.0,8.0,0.0,0.0,4.0,1.0,0.0,4.0,3.0,14.0,1.0,2.0,9.0,5.0,0.0,77.0,149.0,43.0,34.0,73.0,76.0,7.0,50.0,7.0,15.0,30.0,20.0,0.0,0.0,0.0,0.0,0.0,0.0,29.0,71.0,12.0,17.0,39.0,32.0,135.0,137.0,54.0,81.0,61.0,76.0,0.0,0.0,0.0,0.0,0.0,0.0,0.0,0.0,0.0,0.0,0.0,0.0,0.0,0.0,0.0,0.0,0.0,0.0
14,Malaga,1.0,0.0,1.0,8.0,0.0,1.0,3.0,0.0,0.0,5.0,4.0,20.0,4.0,0.0,9.0,11.0,0.0,103.0,122.0,52.0,51.0,50.0,72.0,22.0,58.0,22.0,17.0,30.0,28.0,0.0,0.0,0.0,0.0,0.0,0.0,40.0,34.0,15.0,25.0,12.0,22.0,138.0,105.0,75.0,63.0,55.0,50.0,0.0,0.0,0.0,0.0,0.0,0.0,0.0,0.0,0.0,0.0,0.0,0.0,0.0,0.0,0.0,0.0,0.0,0.0
,Team,Points,Wins,Draws,Looses,HomeWins,HomeDraws,HomeLooses,AwayWins,AwayDraws,AwayLooses,Goals,GoalsAgainst,HomeGoals,AwayGoals,HomeGoalsAgainst,AwayGoalsAgainst,Position,Shoots,ShootsAgainst,HomeShoots,AwayShoots,HomeShootsAgainst,AwayShootsAgainst,ShootsOnTarget,ShootsAgainstOnTarget,HomeShootsOnTarget,AwayShootsOnTarget,HomeShootsAgainstOnTarget,AwayShootsAgainstOnTarget,ShootsHitWoodwork,ShootsAgainstHitWoodwork,HomeShootsHitWoodwork,AwayShootsHitWoodwork,HomeShootsAgainstHitWoodwork,AwayShootsAgainstHitWoodwork,Corners,CornersAgainst,HomeCorners,AwayCorners,HomeCornersAgainst,AwayCornersAgainst,Fouls,FoulsReceived,HomeFouls,AwayFouls,HomeFoulsReceived,AwayFoulsReceived,Offsides,OffsidesAgainst,HomeOffsides,AwayOffsides,HomeOffsidesAgainst,AwayOffsidesAgainst,YellowCards,YellowCardsAgainst,HomeYellowCards,AwayYellowCards,HomeYellowCardsAgainst,AwayYellowCardsAgainst,RedCards,RedCardsAgainst,HomeRedCards,AwayRedCards,HomeRedCardsAgainst,AwayRedCardsAgainst
3,Barcelona,28.0,9.0,1.0,0.0,5.0,0.0,0.0,4.0,1.0,0.0,28.0,3.0,18.0,10.0,1.0,2.0,0.0,151.0,107.0,80.0,71.0,48.0,59.0,35.0,28.0,35.0,33.0,11.0,17.0,0.0,0.0,0.0,0.0,0.0,0.0,61.0,41.0,35.0,26.0,20.0,21.0,102.0,139.0,51.0,51.0,64.0,75.0,0.0,0.0,0.0,0.0,0.0,0.0,0.0,0.0,0.0,0.0,0.0,0.0,0.0,0.0,0.0,0.0,0.0,0.0
18,Valencia,24.0,7.0,3.0,0.0,4.0,1.0,0.0,3.0,2.0,0.0,27.0,11.0,13.0,14.0,2.0,9.0,0.0,130.0,141.0,77.0,53.0,63.0,78.0,31.0,47.0,31.0,23.0,21.0,26.0,0.0,0.0,0.0,0.0,0.0,0.0,44.0,66.0,22.0,22.0,32.0,34.0,148.0,148.0,83.0,65.0,74.0,74.0,0.0,0.0,0.0,0.0,0.0,0.0,0.0,0.0,0.0,0.0,0.0,0.0,0.0,0.0,0.0,0.0,0.0,0.0
15,Real Madrid,20.0,6.0,2.0,2.0,2.0,2.0,1.0,4.0,0.0,1.0,19.0,9.0,8.0,11.0,4.0,5.0,0.0,190.0,94.0,104.0,86.0,41.0,53.0,38.0,35.0,38.0,33.0,14.0,21.0,0.0,0.0,0.0,0.0,0.0,0.0,90.0,34.0,53.0,37.0,15.0,19.0,116.0,147.0,51.0,65.0,56.0,91.0,0.0,0.0,0.0,0.0,0.0,0.0,0.0,0.0,0.0,0.0,0.0,0.0,0.0,0.0,0.0,0.0,0.0,0.0
2,Ath Madrid,20.0,5.0,5.0,0.0,2.0,2.0,0.0,3.0,3.0,0.0,15.0,6.0,5.0,10.0,2.0,4.0,0.0,114.0,119.0,53.0,61.0,47.0,72.0,18.0,43.0,18.0,26.0,15.0,28.0,0.0,0.0,0.0,0.0,0.0,0.0,43.0,43.0,28.0,15.0,17.0,26.0,127.0,141.0,45.0,82.0,62.0,79.0,0.0,0.0,0.0,0.0,0.0,0.0,0.0,0.0,0.0,0.0,0.0,0.0,0.0,0.0,0.0,0.0,0.0,0.0
16,Sevilla,19.0,6.0,1.0,3.0,4.0,1.0,0.0,2.0,0.0,3.0,11.0,9.0,9.0,2.0,2.0,7.0,0.0,118.0,117.0,56.0,62.0,43.0,74.0,29.0,30.0,29.0,22.0,13.0,17.0,0.0,0.0,0.0,0.0,0.0,0.0,62.0,55.0,34.0,28.0,20.0,35.0,152.0,147.0,76.0,76.0,69.0,78.0,0.0,0.0,0.0,0.0,0.0,0.0,0.0,0.0,0.0,0.0,0.0,0.0,0.0,0.0,0.0,0.0,0.0,0.0
12,Leganes,17.0,5.0,2.0,3.0,2.0,2.0,1.0,3.0,0.0,2.0,9.0,5.0,3.0,6.0,2.0,3.0,0.0,116.0,102.0,61.0,55.0,45.0,57.0,24.0,28.0,24.0,23.0,9.0,19.0,0.0,0.0,0.0,0.0,0.0,0.0,30.0,47.0,18.0,12.0,18.0,29.0,165.0,158.0,76.0,89.0,86.0,72.0,0.0,0.0,0.0,0.0,0.0,0.0,0.0,0.0,0.0,0.0,0.0,0.0,0.0,0.0,0.0,0.0,0.0,0.0
19,Villarreal,17.0,5.0,2.0,3.0,3.0,1.0,0.0,2.0,1.0,3.0,16.0,11.0,10.0,6.0,1.0,10.0,0.0,119.0,136.0,65.0,54.0,42.0,94.0,27.0,43.0,27.0,15.0,12.0,31.0,0.0,0.0,0.0,0.0,0.0,0.0,48.0,66.0,24.0,24.0,17.0,49.0,172.0,115.0,55.0,117.0,37.0,78.0,0.0,0.0,0.0,0.0,0.0,0.0,0.0,0.0,0.0,0.0,0.0,0.0,0.0,0.0,0.0,0.0,0.0,0.0
4,Betis,16.0,5.0,1.0,4.0,4.0,0.0,1.0,1.0,1.0,3.0,19.0,18.0,13.0,6.0,8.0,10.0,0.0,108.0,131.0,66.0,42.0,48.0,83.0,27.0,44.0,27.0,17.0,18.0,26.0,0.0,0.0,0.0,0.0,0.0,0.0,43.0,64.0,29.0,14.0,23.0,41.0,134.0,110.0,64.0,70.0,53.0,57.0,0.0,0.0,0.0,0.0,0.0,0.0,0.0,0.0,0.0,0.0,0.0,0.0,0.0,0.0,0.0,0.0,0.0,0.0
17,Sociedad,14.0,4.0,2.0,4.0,1.0,2.0,2.0,3.0,0.0,2.0,21.0,20.0,11.0,10.0,11.0,9.0,0.0,148.0,109.0,79.0,69.0,51.0,58.0,31.0,41.0,31.0,23.0,18.0,23.0,0.0,0.0,0.0,0.0,0.0,0.0,76.0,47.0,43.0,33.0,22.0,25.0,115.0,156.0,56.0,59.0,83.0,73.0,0.0,0.0,0.0,0.0,0.0,0.0,0.0,0.0,0.0,0.0,0.0,0.0,0.0,0.0,0.0,0.0,0.0,0.0
7,Espanol,13.0,3.0,4.0,3.0,3.0,1.0,1.0,0.0,3.0,2.0,9.0,12.0,7.0,2.0,3.0,9.0,0.0,113.0,150.0,73.0,40.0,66.0,84.0,20.0,53.0,20.0,14.0,22.0,31.0,0.0,0.0,0.0,0.0,0.0,0.0,49.0,59.0,30.0,19.0,19.0,40.0,122.0,127.0,57.0,65.0,65.0,62.0,0.0,0.0,0.0,0.0,0.0,0.0,0.0,0.0,0.0,0.0,0.0,0.0,0.0,0.0,0.0,0.0,0.0,0.0
8,Getafe,12.0,3.0,3.0,4.0,2.0,0.0,3.0,1.0,3.0,1.0,13.0,11.0,8.0,5.0,6.0,5.0,0.0,111.0,101.0,63.0,48.0,50.0,51.0,23.0,42.0,23.0,16.0,19.0,23.0,0.0,0.0,0.0,0.0,0.0,0.0,48.0,50.0,29.0,19.0,27.0,23.0,182.0,137.0,88.0,94.0,64.0,73.0,0.0,0.0,0.0,0.0,0.0,0.0,0.0,0.0,0.0,0.0,0.0,0.0,0.0,0.0,0.0,0.0,0.0,0.0
9,Girona,12.0,3.0,3.0,4.0,2.0,1.0,3.0,1.0,2.0,1.0,11.0,15.0,6.0,5.0,9.0,6.0,0.0,127.0,108.0,83.0,44.0,58.0,50.0,19.0,46.0,19.0,19.0,26.0,20.0,0.0,0.0,0.0,0.0,0.0,0.0,55.0,41.0,35.0,20.0,15.0,26.0,165.0,141.0,94.0,71.0,85.0,56.0,0.0,0.0,0.0,0.0,0.0,0.0,0.0,0.0,0.0,0.0,0.0,0.0,0.0,0.0,0.0,0.0,0.0,0.0
13,Levante,12.0,2.0,6.0,2.0,2.0,3.0,1.0,0.0,3.0,1.0,11.0,13.0,8.0,3.0,6.0,7.0,0.0,107.0,131.0,78.0,29.0,63.0,68.0,20.0,49.0,20.0,8.0,21.0,28.0,0.0,0.0,0.0,0.0,0.0,0.0,44.0,60.0,32.0,12.0,26.0,34.0,142.0,117.0,92.0,50.0,82.0,35.0,0.0,0.0,0.0,0.0,0.0,0.0,0.0,0.0,0.0,0.0,0.0,0.0,0.0,0.0,0.0,0.0,0.0,0.0
10,La Coruna,11.0,3.0,2.0,5.0,2.0,0.0,3.0,1.0,2.0,2.0,13.0,19.0,6.0,7.0,10.0,9.0,0.0,137.0,148.0,68.0,69.0,62.0,86.0,28.0,52.0,28.0,21.0,24.0,28.0,0.0,0.0,0.0,0.0,0.0,0.0,52.0,59.0,31.0,21.0,25.0,34.0,138.0,143.0,75.0,63.0,83.0,60.0,0.0,0.0,0.0,0.0,0.0,0.0,0.0,0.0,0.0,0.0,0.0,0.0,0.0,0.0,0.0,0.0,0.0,0.0
5,Celta,11.0,3.0,2.0,5.0,1.0,2.0,2.0,2.0,0.0,3.0,19.0,16.0,7.0,12.0,8.0,8.0,0.0,133.0,109.0,79.0,54.0,42.0,67.0,29.0,41.0,29.0,18.0,20.0,21.0,0.0,0.0,0.0,0.0,0.0,0.0,45.0,49.0,26.0,19.0,20.0,29.0,112.0,157.0,60.0,52.0,85.0,72.0,0.0,0.0,0.0,0.0,0.0,0.0,0.0,0.0,0.0,0.0,0.0,0.0,0.0,0.0,0.0,0.0,0.0,0.0
1,Ath Bilbao,11.0,3.0,2.0,5.0,2.0,1.0,2.0,1.0,1.0,3.0,10.0,12.0,4.0,6.0,4.0,8.0,0.0,115.0,132.0,63.0,52.0,66.0,66.0,20.0,54.0,20.0,23.0,29.0,25.0,0.0,0.0,0.0,0.0,0.0,0.0,52.0,42.0,31.0,21.0,20.0,22.0,149.0,142.0,80.0,69.0,66.0,76.0,0.0,0.0,0.0,0.0,0.0,0.0,0.0,0.0,0.0,0.0,0.0,0.0,0.0,0.0,0.0,0.0,0.0,0.0
6,Eibar,8.0,2.0,2.0,6.0,1.0,2.0,2.0,1.0,0.0,4.0,5.0,22.0,3.0,2.0,7.0,15.0,0.0,114.0,99.0,64.0,50.0,39.0,60.0,21.0,50.0,21.0,15.0,17.0,33.0,0.0,0.0,0.0,0.0,0.0,0.0,56.0,38.0,32.0,24.0,11.0,27.0,118.0,120.0,60.0,58.0,62.0,58.0,0.0,0.0,0.0,0.0,0.0,0.0,0.0,0.0,0.0,0.0,0.0,0.0,0.0,0.0,0.0,0.0,0.0,0.0
11,Las Palmas,6.0,2.0,0.0,8.0,1.0,0.0,4.0,1.0,0.0,4.0,8.0,25.0,5.0,3.0,15.0,10.0,0.0,114.0,154.0,67.0,47.0,57.0,97.0,26.0,66.0,26.0,18.0,26.0,40.0,0.0,0.0,0.0,0.0,0.0,0.0,49.0,55.0,36.0,13.0,18.0,37.0,108.0,162.0,56.0,52.0,70.0,92.0,0.0,0.0,0.0,0.0,0.0,0.0,0.0,0.0,0.0,0.0,0.0,0.0,0.0,0.0,0.0,0.0,0.0,0.0
14,Malaga,4.0,1.0,1.0,8.0,1.0,1.0,3.0,0.0,0.0,5.0,6.0,21.0,6.0,0.0,10.0,11.0,0.0,118.0,132.0,67.0,51.0,60.0,72.0,26.0,60.0,26.0,17.0,32.0,28.0,0.0,0.0,0.0,0.0,0.0,0.0,44.0,35.0,19.0,25.0,13.0,22.0,158.0,117.0,95.0,63.0,67.0,50.0,0.0,0.0,0.0,0.0,0.0,0.0,0.0,0.0,0.0,0.0,0.0,0.0,0.0,0.0,0.0,0.0,0.0,0.0
0,Alaves,3.0,1.0,0.0,9.0,0.0,0.0,5.0,1.0,0.0,4.0,4.0,16.0,2.0,2.0,11.0,5.0,0.0,93.0,156.0,59.0,34.0,80.0,76.0,13.0,52.0,13.0,15.0,32.0,20.0,0.0,0.0,0.0,0.0,0.0,0.0,35.0,75.0,18.0,17.0,43.0,32.0,154.0,155.0,73.0,81.0,79.0,76.0,0.0,0.0,0.0,0.0,0.0,0.0,0.0,0.0,0.0,0.0,0.0,0.0,0.0,0.0,0.0,0.0,0.0,0.0
,Team,Points,Wins,Draws,Looses,HomeWins,HomeDraws,HomeLooses,AwayWins,AwayDraws,AwayLooses,Goals,GoalsAgainst,HomeGoals,AwayGoals,HomeGoalsAgainst,AwayGoalsAgainst,Position,Shoots,ShootsAgainst,HomeShoots,AwayShoots,HomeShootsAgainst,AwayShootsAgainst,ShootsOnTarget,ShootsAgainstOnTarget,HomeShootsOnTarget,AwayShootsOnTarget,HomeShootsAgainstOnTarget,AwayShootsAgainstOnTarget,ShootsHitWoodwork,ShootsAgainstHitWoodwork,HomeShootsHitWoodwork,AwayShootsHitWoodwork,HomeShootsAgainstHitWoodwork,AwayShootsAgainstHitWoodwork,Corners,CornersAgainst,HomeCorners,AwayCorners,HomeCornersAgainst,AwayCornersAgainst,Fouls,FoulsReceived,HomeFouls,AwayFouls,HomeFoulsReceived,AwayFoulsReceived,Offsides,OffsidesAgainst,HomeOffsides,AwayOffsides,HomeOffsidesAgainst,AwayOffsidesAgainst,YellowCards,YellowCardsAgainst,HomeYellowCards,AwayYellowCards,HomeYellowCardsAgainst,AwayYellowCardsAgainst,RedCards,RedCardsAgainst,HomeRedCards,AwayRedCards,HomeRedCardsAgainst,AwayRedCardsAgainst
3,Barcelona,31.0,10.0,1.0,0.0,6.0,0.0,0.0,4.0,1.0,0.0,30.0,4.0,20.0,10.0,2.0,2.0,0.0,169.0,115.0,98.0,71.0,56.0,59.0,41.0,31.0,41.0,33.0,14.0,17.0,0.0,0.0,0.0,0.0,0.0,0.0,64.0,44.0,38.0,26.0,23.0,21.0,112.0,151.0,61.0,51.0,76.0,75.0,0.0,0.0,0.0,0.0,0.0,0.0,0.0,0.0,0.0,0.0,0.0,0.0,0.0,0.0,0.0,0.0,0.0,0.0
18,Valencia,27.0,8.0,3.0,0.0,5.0,1.0,0.0,3.0,2.0,0.0,30.0,11.0,16.0,14.0,2.0,9.0,0.0,143.0,154.0,90.0,53.0,76.0,78.0,38.0,53.0,38.0,23.0,27.0,26.0,0.0,0.0,0.0,0.0,0.0,0.0,48.0,73.0,26.0,22.0,39.0,34.0,159.0,161.0,94.0,65.0,87.0,74.0,0.0,0.0,0.0,0.0,0.0,0.0,0.0,0.0,0.0,0.0,0.0,0.0,0.0,0.0,0.0,0.0,0.0,0.0
15,Real Madrid,23.0,7.0,2.0,2.0,3.0,2.0,1.0,4.0,0.0,1.0,22.0,9.0,11.0,11.0,4.0,5.0,0.0,217.0,96.0,131.0,86.0,43.0,53.0,47.0,36.0,47.0,33.0,15.0,21.0,0.0,0.0,0.0,0.0,0.0,0.0,99.0,36.0,62.0,37.0,17.0,19.0,125.0,156.0,60.0,65.0,65.0,91.0,0.0,0.0,0.0,0.0,0.0,0.0,0.0,0.0,0.0,0.0,0.0,0.0,0.0,0.0,0.0,0.0,0.0,0.0
2,Ath Madrid,23.0,6.0,5.0,0.0,2.0,2.0,0.0,4.0,3.0,0.0,16.0,6.0,5.0,11.0,2.0,4.0,0.0,125.0,133.0,53.0,72.0,47.0,86.0,18.0,44.0,18.0,29.0,15.0,29.0,0.0,0.0,0.0,0.0,0.0,0.0,47.0,47.0,28.0,19.0,17.0,30.0,137.0,158.0,45.0,92.0,62.0,96.0,0.0,0.0,0.0,0.0,0.0,0.0,0.0,0.0,0.0,0.0,0.0,0.0,0.0,0.0,0.0,0.0,0.0,0.0
19,Villarreal,20.0,6.0,2.0,3.0,4.0,1.0,0.0,2.0,1.0,3.0,18.0,11.0,12.0,6.0,1.0,10.0,0.0,133.0,146.0,79.0,54.0,52.0,94.0,30.0,45.0,30.0,15.0,14.0,31.0,0.0,0.0,0.0,0.0,0.0,0.0,54.0,70.0,30.0,24.0,21.0,49.0,190.0,127.0,73.0,117.0,49.0,78.0,0.0,0.0,0.0,0.0,0.0,0.0,0.0,0.0,0.0,0.0,0.0,0.0,0.0,0.0,0.0,0.0,0.0,0.0
16,Sevilla,19.0,6.0,1.0,4.0,4.0,1.0,0.0,2.0,0.0,4.0,12.0,11.0,9.0,3.0,2.0,9.0,0.0,126.0,135.0,56.0,70.0,43.0,92.0,29.0,36.0,29.0,25.0,13.0,23.0,0.0,0.0,0.0,0.0,0.0,0.0,65.0,58.0,34.0,31.0,20.0,38.0,164.0,157.0,76.0,88.0,69.0,88.0,0.0,0.0,0.0,0.0,0.0,0.0,0.0,0.0,0.0,0.0,0.0,0.0,0.0,0.0,0.0,0.0,0.0,0.0
12,Leganes,17.0,5.0,2.0,4.0,2.0,2.0,1.0,3.0,0.0,3.0,9.0,8.0,3.0,6.0,2.0,6.0,0.0,129.0,115.0,61.0,68.0,45.0,70.0,24.0,35.0,24.0,29.0,9.0,26.0,0.0,0.0,0.0,0.0,0.0,0.0,37.0,51.0,18.0,19.0,18.0,33.0,178.0,169.0,76.0,102.0,86.0,83.0,0.0,0.0,0.0,0.0,0.0,0.0,0.0,0.0,0.0,0.0,0.0,0.0,0.0,0.0,0.0,0.0,0.0,0.0
4,Betis,17.0,5.0,2.0,4.0,4.0,1.0,1.0,1.0,1.0,3.0,21.0,20.0,15.0,6.0,10.0,10.0,0.0,123.0,140.0,81.0,42.0,57.0,83.0,31.0,46.0,31.0,17.0,20.0,26.0,0.0,0.0,0.0,0.0,0.0,0.0,47.0,70.0,33.0,14.0,29.0,41.0,144.0,124.0,74.0,70.0,67.0,57.0,0.0,0.0,0.0,0.0,0.0,0.0,0.0,0.0,0.0,0.0,0.0,0.0,0.0,0.0,0.0,0.0,0.0,0.0
17,Sociedad,17.0,5.0,2.0,4.0,2.0,2.0,2.0,3.0,0.0,2.0,24.0,21.0,14.0,10.0,12.0,9.0,0.0,158.0,118.0,89.0,69.0,60.0,58.0,37.0,46.0,37.0,23.0,23.0,23.0,0.0,0.0,0.0,0.0,0.0,0.0,79.0,53.0,46.0,33.0,28.0,25.0,125.0,173.0,66.0,59.0,100.0,73.0,0.0,0.0,0.0,0.0,0.0,0.0,0.0,0.0,0.0,0.0,0.0,0.0,0.0,0.0,0.0,0.0,0.0,0.0
9,Girona,15.0,4.0,3.0,4.0,2.0,1.0,3.0,2.0,2.0,1.0,13.0,16.0,6.0,7.0,9.0,7.0,0.0,137.0,115.0,83.0,54.0,58.0,57.0,19.0,50.0,19.0,24.0,26.0,24.0,0.0,0.0,0.0,0.0,0.0,0.0,57.0,48.0,35.0,22.0,15.0,33.0,181.0,151.0,94.0,87.0,85.0,66.0,0.0,0.0,0.0,0.0,0.0,0.0,0.0,0.0,0.0,0.0,0.0,0.0,0.0,0.0,0.0,0.0,0.0,0.0
5,Celta,14.0,4.0,2.0,5.0,2.0,2.0,2.0,2.0,0.0,3.0,22.0,17.0,10.0,12.0,9.0,8.0,0.0,144.0,123.0,90.0,54.0,56.0,67.0,34.0,46.0,34.0,18.0,25.0,21.0,0.0,0.0,0.0,0.0,0.0,0.0,48.0,55.0,29.0,19.0,26.0,29.0,125.0,174.0,73.0,52.0,102.0,72.0,0.0,0.0,0.0,0.0,0.0,0.0,0.0,0.0,0.0,0.0,0.0,0.0,0.0,0.0,0.0,0.0,0.0,0.0
7,Espanol,13.0,3.0,4.0,4.0,3.0,1.0,1.0,0.0,3.0,3.0,9.0,13.0,7.0,2.0,3.0,10.0,0.0,122.0,167.0,73.0,49.0,66.0,101.0,20.0,59.0,20.0,17.0,22.0,37.0,0.0,0.0,0.0,0.0,0.0,0.0,57.0,62.0,30.0,27.0,19.0,43.0,131.0,156.0,57.0,74.0,65.0,91.0,0.0,0.0,0.0,0.0,0.0,0.0,0.0,0.0,0.0,0.0,0.0,0.0,0.0,0.0,0.0,0.0,0.0,0.0
8,Getafe,13.0,3.0,4.0,4.0,2.0,0.0,3.0,1.0,4.0,1.0,15.0,13.0,8.0,7.0,6.0,7.0,0.0,120.0,116.0,63.0,57.0,50.0,66.0,23.0,46.0,23.0,18.0,19.0,27.0,0.0,0.0,0.0,0.0,0.0,0.0,54.0,54.0,29.0,25.0,27.0,27.0,196.0,147.0,88.0,108.0,64.0,83.0,0.0,0.0,0.0,0.0,0.0,0.0,0.0,0.0,0.0,0.0,0.0,0.0,0.0,0.0,0.0,0.0,0.0,0.0
13,Levante,12.0,2.0,6.0,3.0,2.0,3.0,2.0,0.0,3.0,1.0,12.0,15.0,9.0,3.0,8.0,7.0,0.0,114.0,141.0,85.0,29.0,73.0,68.0,24.0,54.0,24.0,8.0,26.0,28.0,0.0,0.0,0.0,0.0,0.0,0.0,51.0,62.0,39.0,12.0,28.0,34.0,152.0,133.0,102.0,50.0,98.0,35.0,0.0,0.0,0.0,0.0,0.0,0.0,0.0,0.0,0.0,0.0,0.0,0.0,0.0,0.0,0.0,0.0,0.0,0.0
10,La Coruna,11.0,3.0,2.0,6.0,2.0,0.0,4.0,1.0,2.0,2.0,13.0,20.0,6.0,7.0,11.0,9.0,0.0,151.0,159.0,82.0,69.0,73.0,86.0,29.0,55.0,29.0,21.0,27.0,28.0,0.0,0.0,0.0,0.0,0.0,0.0,56.0,63.0,35.0,21.0,29.0,34.0,155.0,153.0,92.0,63.0,93.0,60.0,0.0,0.0,0.0,0.0,0.0,0.0,0.0,0.0,0.0,0.0,0.0,0.0,0.0,0.0,0.0,0.0,0.0,0.0
1,Ath Bilbao,11.0,3.0,2.0,6.0,2.0,1.0,2.0,1.0,1.0,4.0,11.0,15.0,4.0,7.0,4.0,11.0,0.0,129.0,143.0,63.0,66.0,66.0,77.0,20.0,59.0,20.0,28.0,29.0,30.0,0.0,0.0,0.0,0.0,0.0,0.0,58.0,45.0,31.0,27.0,20.0,25.0,166.0,155.0,80.0,86.0,66.0,89.0,0.0,0.0,0.0,0.0,0.0,0.0,0.0,0.0,0.0,0.0,0.0,0.0,0.0,0.0,0.0,0.0,0.0,0.0
6,Eibar,8.0,2.0,2.0,7.0,1.0,2.0,2.0,1.0,0.0,5.0,6.0,25.0,3.0,3.0,7.0,18.0,0.0,123.0,109.0,64.0,59.0,39.0,70.0,21.0,56.0,21.0,20.0,17.0,39.0,0.0,0.0,0.0,0.0,0.0,0.0,62.0,41.0,32.0,30.0,11.0,30.0,135.0,130.0,60.0,75.0,62.0,68.0,0.0,0.0,0.0,0.0,0.0,0.0,0.0,0.0,0.0,0.0,0.0,0.0,0.0,0.0,0.0,0.0,0.0,0.0
11,Las Palmas,6.0,2.0,0.0,9.0,1.0,0.0,4.0,1.0,0.0,5.0,8.0,28.0,5.0,3.0,15.0,13.0,0.0,116.0,181.0,67.0,49.0,57.0,124.0,26.0,75.0,26.0,19.0,26.0,49.0,0.0,0.0,0.0,0.0,0.0,0.0,51.0,64.0,36.0,15.0,18.0,46.0,117.0,171.0,56.0,61.0,70.0,101.0,0.0,0.0,0.0,0.0,0.0,0.0,0.0,0.0,0.0,0.0,0.0,0.0,0.0,0.0,0.0,0.0,0.0,0.0
0,Alaves,6.0,2.0,0.0,9.0,1.0,0.0,5.0,1.0,0.0,4.0,5.0,16.0,3.0,2.0,11.0,5.0,0.0,110.0,165.0,76.0,34.0,89.0,76.0,19.0,55.0,19.0,15.0,35.0,20.0,0.0,0.0,0.0,0.0,0.0,0.0,38.0,83.0,21.0,17.0,51.0,32.0,183.0,164.0,102.0,81.0,88.0,76.0,0.0,0.0,0.0,0.0,0.0,0.0,0.0,0.0,0.0,0.0,0.0,0.0,0.0,0.0,0.0,0.0,0.0,0.0
14,Malaga,4.0,1.0,1.0,9.0,1.0,1.0,3.0,0.0,0.0,6.0,6.0,23.0,6.0,0.0,10.0,13.0,0.0,128.0,146.0,67.0,61.0,60.0,86.0,26.0,63.0,26.0,19.0,32.0,31.0,0.0,0.0,0.0,0.0,0.0,0.0,48.0,41.0,19.0,29.0,13.0,28.0,170.0,135.0,95.0,75.0,67.0,68.0,0.0,0.0,0.0,0.0,0.0,0.0,0.0,0.0,0.0,0.0,0.0,0.0,0.0,0.0,0.0,0.0,0.0,0.0
